Age,Weight,Height,BMI,Goal,Recommended_Level
20,112.14509116523891,174.48461941423074,36.8354489424999,weight_loss,Beginner
20,57.08165087341657,160.88182728402265,22.053754937704742,weight_loss,Advanced
51,76.9850137837794,156.58851503438808,31.396871869697883,muscle_gain,Beginner
46,74.42793161669394,158.9939595267661,29.4425011005945,muscle_gain,Advanced
29,100.7318833510266,182.84313958845178,30.13072724258342,weight_loss,Beginner
23,79.52808778687783,176.26433613571155,25.59715161896571,flexibility,Advanced
37,63.510582731997225,187.00531525754633,18.16093467271111,muscle_gain,Beginner
54,96.53838430388748,158.8926117424473,38.237775470960706,muscle_gain,Beginner
44,51.298827418704334,154.68151013976154,21.440288819862484,flexibility,Advanced
19,72.87449385935139,153.87874654316295,30.77643214422102,weight_loss,Beginner
21,115.52669306723244,160.02604813245563,45.112924440818595,flexibility,Beginner
56,100.35097144849104,167.04493930496412,35.96291900853449,endurance,Beginner
33,68.39350609619021,191.20111232043797,18.70828765207897,muscle_gain,Beginner
61,83.82339761020893,156.13742948724362,34.38358921617431,endurance,Beginner
45,82.77681581124412,196.8450665690102,21.36287241668683,endurance,Intermediate
21,57.787307307915285,155.26631782004046,23.970547344450058,weight_loss,Advanced
61,66.13279131261174,153.1278440010046,28.20385790866289,flexibility,Beginner
22,84.13702245233205,151.7150470973059,36.55357230724524,flexibility,Beginner
36,113.08330159744379,181.1762635430485,34.45052797316972,endurance,Beginner
22,53.748137456408934,198.56497285832043,13.631954807429553,muscle_gain,Beginner
46,101.64731008529827,159.5034482673462,39.95358345710621,muscle_gain,Beginner
64,92.52598377301527,163.7652329192853,34.500095474216664,weight_loss,Beginner
50,63.584195325361485,184.21979418663963,18.735987760206395,weight_loss,Beginner
41,58.189554886289656,169.14436205074233,20.339018078916148,flexibility,Intermediate
26,72.79585459897521,169.58451732144894,25.31245389950381,flexibility,Advanced
64,101.04057382244577,188.69600860114616,28.377254575100242,weight_loss,Beginner
22,88.65018877105538,164.4679977520772,32.773049511713616,muscle_gain,Beginner
47,99.9092342502487,161.17382497897376,38.46064869034263,muscle_gain,Beginner
52,61.75293549667157,193.14693232181926,16.553200577809903,flexibility,Beginner
19,56.33421718510466,190.04590514194433,15.597508497587373,flexibility,Advanced
39,101.95066008024651,187.75586514069965,28.9203148747132,flexibility,Intermediate
22,62.05197613520683,191.8663007992202,16.856143195091988,muscle_gain,Beginner
37,98.24260047142144,173.61197982479533,32.594210823964346,endurance,Beginner
33,67.88988530674533,184.71031234744203,19.89861226117959,weight_loss,Advanced
46,119.14060608424366,151.3811884123337,51.98954114762325,muscle_gain,Beginner
22,76.04907914963323,170.18428376921514,26.25760175900106,muscle_gain,Intermediate
59,94.26370545311451,185.74183274213152,27.32279065893086,flexibility,Beginner
59,68.59267955842205,176.73891569980466,21.959042350935675,muscle_gain,Beginner
41,87.52897629236554,154.38316779888535,36.72416695730992,weight_loss,Beginner
27,119.09693590570105,192.0487521596472,32.290711084499335,flexibility,Beginner
40,92.19686077033514,170.05152823555062,31.882697264496304,endurance,Beginner
43,95.34122620968508,172.3783278529458,32.085987215181255,endurance,Beginner
23,82.9209136560591,176.0272573290878,26.76111683258232,weight_loss,Beginner
58,50.435671117376884,185.9333576580542,14.588921251482496,endurance,Beginner
47,107.04539192762311,180.10637536718792,32.999685757186604,muscle_gain,Beginner
21,88.7985719753165,162.55065045344787,33.60690809437787,endurance,Beginner
61,99.1627299099405,173.74711239122055,32.848329102168194,muscle_gain,Beginner
24,100.85140620282272,176.34242682913575,32.43159675981772,flexibility,Beginner
50,66.16840691034554,187.28540134641904,18.86439261355448,flexibility,Intermediate
45,72.12691842327477,180.06158408871323,22.24616963677551,flexibility,Beginner
52,107.02086361998951,162.32589365488985,40.615597474783826,flexibility,Beginner
61,58.55969333216332,184.98224651595308,17.11349431300386,muscle_gain,Beginner
30,73.41142630278017,194.51553255505854,19.402383699924453,weight_loss,Advanced
57,67.1602641508347,186.5396935740321,19.300558553828306,muscle_gain,Beginner
39,85.8552929628626,180.28217811793343,26.415660943181475,muscle_gain,Intermediate
37,59.60211279604692,188.3746888493253,16.79641355332796,flexibility,Advanced
41,63.39358454352952,178.08822308236364,19.98825622887094,weight_loss,Intermediate
26,79.95741882370672,152.65384365436518,34.311782334028,endurance,Beginner
18,52.022546569583255,158.7943931767769,20.631047533444896,flexibility,Advanced
62,106.00936368611087,176.78099633091466,33.92134572480911,endurance,Beginner
29,72.08633702684548,169.44493531596203,25.107054958633512,flexibility,Beginner
58,117.66022667182435,159.14577571006592,46.45574722102341,flexibility,Beginner
37,56.17502022390306,179.9240410016033,17.35261152577921,weight_loss,Beginner
51,103.03155157688595,182.59649997027043,30.90191137593093,endurance,Beginner
49,69.62621340995821,173.86807982416107,23.032074740905276,flexibility,Beginner
64,109.99475019924463,192.09578055520964,29.808238104642612,flexibility,Beginner
47,88.57514384372672,193.0139452494825,23.775764505143155,weight_loss,Intermediate
64,53.450574479820276,168.4740970449888,18.83155150955479,flexibility,Beginner
47,70.80358464465913,192.45237461655242,19.11651392517349,muscle_gain,Beginner
50,80.33320639980255,185.41251922744112,23.36775507953145,flexibility,Intermediate
35,99.71824420851804,176.80679182809797,31.898975513012257,weight_loss,Beginner
64,61.8196197524559,161.772321329599,23.622066873414,flexibility,Beginner
47,100.65502350799696,169.5488050416784,35.01434350716211,flexibility,Beginner
58,72.13472584210805,180.8673610342563,22.05078127900242,flexibility,Beginner
49,101.79699143028608,159.74132063977285,39.893340298365835,weight_loss,Beginner
57,95.2313445233219,168.57447374728076,33.51168698078978,muscle_gain,Beginner
45,54.83936417601937,160.39985953504308,21.31495615062966,muscle_gain,Advanced
19,93.31487490895668,194.7647983921676,24.599707709477514,flexibility,Advanced
57,80.98500225854137,193.97139090428948,21.524310019497918,endurance,Beginner
50,115.6762916115033,185.65671926320883,33.56008204370639,muscle_gain,Beginner
31,104.09524608350463,192.98138911363,27.95117310131395,muscle_gain,Intermediate
60,117.96459342125907,191.27845149252448,32.24182234636418,flexibility,Beginner
49,103.22833018235006,179.71593407790985,31.96139550404146,flexibility,Beginner
43,66.38471967520675,175.3950243252895,21.579112926459846,weight_loss,Beginner
59,65.80750332666796,173.4659878051431,21.869897484821198,weight_loss,Beginner
58,88.91894659319186,198.90454871823653,22.475267993986623,muscle_gain,Beginner
62,51.22239952780569,185.0111316131909,14.964568558127528,muscle_gain,Beginner
55,110.77019088935164,156.26968078960957,45.360042633999484,flexibility,Beginner
59,54.12272275567874,159.53444108916258,21.265261431241246,endurance,Beginner
37,99.55443573227504,181.56580331285232,30.198995974594453,weight_loss,Beginner
63,76.08106455075438,181.93384376794302,22.985268993735392,flexibility,Beginner
36,80.062463177456,171.17175205930826,27.325288465199648,flexibility,Intermediate
54,96.16847425466908,175.80123836699943,31.116365625409703,muscle_gain,Beginner
52,113.22355141185247,166.61969006667698,40.783465690878664,flexibility,Beginner
21,61.74621464089954,153.98934494908391,26.039281413918545,weight_loss,Intermediate
62,54.85462644013171,172.19166339415048,18.50073655949312,flexibility,Beginner
43,62.630308937847474,165.2684151218181,22.93004089394537,muscle_gain,Beginner
21,116.91034333883663,154.2194063521953,49.15581282738653,muscle_gain,Beginner
61,61.04971754301382,158.5818389247585,24.27597936425638,endurance,Beginner
54,109.10361661630495,197.69075739506945,27.916850217380944,muscle_gain,Beginner
57,73.70922576094185,163.0183043595101,27.73633706416586,flexibility,Beginner
45,64.17135451492457,171.61154144148014,21.78954802707228,endurance,Advanced
33,118.76734838387662,160.60387398252143,46.045270302922745,muscle_gain,Beginner
56,103.51731872469504,162.2735949319771,39.311290382988815,muscle_gain,Beginner
21,78.43063706613387,186.9322211926525,22.444886302779548,endurance,Advanced
46,111.41944003510501,167.66956923650764,39.63259180662611,flexibility,Beginner
28,66.41998555839555,195.42306803629793,17.391903716797618,muscle_gain,Beginner
42,78.86757234629974,191.00340692435725,21.61803647170691,weight_loss,Advanced
48,78.90087463884282,171.69211507378583,26.765854700852362,muscle_gain,Intermediate
63,81.65634155576346,164.55363714533615,30.15608413884599,weight_loss,Beginner
42,93.99677185757349,162.4878253479272,35.60174507656719,endurance,Beginner
19,100.00715825764365,179.92232260107335,30.893064370777946,muscle_gain,Beginner
52,117.17513556771877,162.98092244595352,44.112525420035766,muscle_gain,Beginner
60,90.88085146662158,170.04339344391622,31.430613681943033,muscle_gain,Beginner
56,109.55002030288883,153.34252465806452,46.5894135584724,muscle_gain,Beginner
63,117.89204119626146,159.37665719403012,46.41251045039959,muscle_gain,Beginner
39,101.02563681314734,196.30098914151574,26.217218932075976,muscle_gain,Advanced
43,79.04951884219389,168.79240232730018,27.745556642517023,endurance,Intermediate
57,111.2671857094627,155.3968206062758,46.07685682365561,flexibility,Beginner
53,113.40032046712238,170.21518698790825,39.13971594158845,weight_loss,Beginner
33,101.13317821142303,175.00514795755166,33.02113581215372,flexibility,Beginner
33,79.02362146948914,156.5834151744104,32.23037855256516,muscle_gain,Beginner
37,72.67880053587238,159.2899790365038,28.64381374193482,muscle_gain,Advanced
39,77.64698546456596,178.9150186927618,24.256660132655636,weight_loss,Intermediate
49,110.48393059911452,154.26472371654356,46.42649152150143,weight_loss,Beginner
47,60.48897182982543,159.161141643897,23.87822891325172,muscle_gain,Beginner
60,93.32925982232108,196.26890565028486,24.227846844454916,endurance,Beginner
54,114.4005088795103,160.4917299835462,44.41428135411469,weight_loss,Beginner
31,114.41854031875168,180.64259177738677,35.063566762501644,endurance,Beginner
56,105.76830303757386,180.36940957064908,32.510958164934884,flexibility,Beginner
23,57.3143763192211,198.00033073707186,14.619473738665569,endurance,Advanced
20,100.94166923701283,177.63044124039422,31.991580255829433,flexibility,Beginner
65,104.78035732595714,155.81508977310637,43.157953890952314,weight_loss,Beginner
61,59.80245801017408,177.92563080050132,18.890437071144284,muscle_gain,Beginner
60,61.557770880426354,199.46702075498382,15.471794296934192,flexibility,Beginner
48,53.67431458469652,156.75572848562683,21.843371190683126,weight_loss,Advanced
31,100.64864357555234,167.21172739589127,35.99767564978436,weight_loss,Beginner
50,78.1854392580119,158.88201820159463,30.972508785230023,muscle_gain,Beginner
36,113.96628373336364,186.1056359298255,32.90465459084483,flexibility,Beginner
64,115.77941744626732,179.76951277101307,35.826078843666586,weight_loss,Beginner
32,87.89914909592643,153.62020482444385,37.246716320814286,flexibility,Beginner
56,76.70556750791823,193.73472987060916,20.436754332063003,flexibility,Beginner
52,94.13140207479981,159.42518181364318,37.035710922540034,endurance,Beginner
29,92.64565395149961,169.0816310894682,32.40650487395109,muscle_gain,Beginner
27,110.80758048691986,170.2032883715712,38.250188437335986,muscle_gain,Beginner
38,68.49758183858765,165.3281712976354,25.060025921282488,endurance,Advanced
35,67.9133727780962,183.6784005117034,20.129784317725875,endurance,Intermediate
53,73.90491550240228,156.3664742698931,30.226372981305836,muscle_gain,Beginner
49,78.65193248210204,186.79956966030565,22.540194276033755,endurance,Advanced
24,113.72757465179346,160.75230857112524,44.00999714368871,weight_loss,Beginner
54,71.37078333569414,194.77860520529933,18.812129525686654,endurance,Beginner
25,113.4888635788974,160.99934093533417,43.782953101219256,weight_loss,Beginner
35,67.43030569850225,169.93264092529327,23.35078660019604,flexibility,Advanced
44,102.13137224628144,177.18471259012955,32.531693376689255,muscle_gain,Beginner
51,109.50153878171804,150.75226890939405,48.18285254005569,weight_loss,Beginner
61,58.5349318847077,185.71389608329815,16.971737854907207,weight_loss,Beginner
29,110.79858357545743,167.8513484871853,39.32643142048835,flexibility,Beginner
22,81.49413996577084,156.82915829352748,33.13391529620048,flexibility,Beginner
49,77.57659852550401,173.5233993184496,25.764080029386932,flexibility,Advanced
25,63.99553280563436,191.00414029037253,17.541393724036357,weight_loss,Intermediate
62,71.56293177706742,189.5853714317113,19.91033085318912,flexibility,Beginner
56,84.45622951139643,157.9316513191748,33.860497603015915,muscle_gain,Beginner
62,93.36720336374148,196.70704350554763,24.129844795232927,flexibility,Beginner
53,97.12775873177497,194.71541300652765,25.617851687485746,flexibility,Beginner
32,77.04713432587243,170.0618244947724,26.64052764001617,endurance,Beginner
20,118.2966025453501,193.93005814894804,31.454444271986578,endurance,Beginner
31,54.684840585634994,176.72233227713602,17.50991675947859,endurance,Intermediate
43,108.45182580660507,192.7474107085936,29.19172523371284,flexibility,Intermediate
29,118.33746463275266,154.58518131460784,49.52067330976098,flexibility,Beginner
41,51.105282694097696,196.73550383461892,13.203841769618816,weight_loss,Advanced
38,110.6983521579588,168.2617418511446,39.09942720930806,endurance,Beginner
35,94.80415945913006,156.37913989565104,38.76767462823465,muscle_gain,Beginner
58,105.87286696671791,169.32333131458475,36.92759848014028,flexibility,Beginner
43,71.12176544805602,192.94880035144914,19.10373843092971,weight_loss,Beginner
56,116.24188894282655,161.58229117987594,44.52204812153903,weight_loss,Beginner
48,94.42061007854315,164.82216910577938,34.756461215935666,muscle_gain,Beginner
63,92.91805550407467,189.8311477780672,25.784883022340615,muscle_gain,Beginner
34,66.79920929038683,150.7781354900067,29.382895096460864,muscle_gain,Beginner
26,112.51708383242368,184.6893650926874,32.98638253999718,weight_loss,Beginner
43,83.18154949978083,198.05172496289944,21.206536653427065,flexibility,Intermediate
39,110.03512778763451,151.74513211883408,47.7861251270126,endurance,Beginner
34,89.75744467930969,176.9172499387221,28.67676254564717,endurance,Advanced
48,73.9086278483832,157.0518246388317,29.964647052759194,weight_loss,Beginner
40,67.57527892515475,193.5878173582933,18.03149768024383,endurance,Advanced
19,88.2230805917147,161.58992066726427,33.78731517611242,flexibility,Beginner
54,114.5573883463311,164.13399441260717,42.523208575540195,endurance,Beginner
28,74.41648123963454,158.18433155556096,29.740084861197285,endurance,Advanced
59,69.71190040909065,195.34982766911497,18.267573241681898,muscle_gain,Beginner
41,64.2389335805879,170.1940360105562,22.177349872018294,flexibility,Intermediate
47,85.5923832076237,161.62467943811447,32.765723787181656,weight_loss,Beginner
33,115.65502652591451,174.46123766185832,37.998514107202894,muscle_gain,Beginner
21,53.27937050304958,154.17839471199207,22.413622130695135,weight_loss,Advanced
46,61.45477431230857,164.35366706516086,22.750808300035224,flexibility,Intermediate
56,76.35110017915753,185.38776214474922,22.21535079144895,endurance,Beginner
19,103.26102823071633,194.76729163513258,27.22102001933424,weight_loss,Beginner
41,87.42723111652779,177.17615021936652,27.850705595195745,weight_loss,Intermediate
43,51.13786104177614,163.59617567127293,19.10716546273432,weight_loss,Intermediate
36,79.83413358408572,153.69814976082407,33.79491337039816,muscle_gain,Beginner
39,114.35234626248864,198.75974629831228,28.945976977872412,flexibility,Beginner
50,109.12423568591421,174.02888362653152,36.031185072982375,weight_loss,Beginner
32,76.66479525064275,180.57154775495812,23.5124204375658,muscle_gain,Advanced
30,58.37966694611118,151.3241119952902,25.494432253519978,flexibility,Intermediate
48,110.9796847202463,188.5933808842039,31.202586403916946,weight_loss,Beginner
48,74.34680796274876,181.56115002422067,22.553631339384875,muscle_gain,Advanced
37,110.61778950502841,186.02544127429425,31.965410706139686,flexibility,Beginner
30,91.4047240722823,171.24358056939184,31.17023251618318,weight_loss,Beginner
53,84.78975577704739,199.2910232233547,21.348526771332118,flexibility,Beginner
24,103.17112399907975,199.73498124946764,25.86127281272759,weight_loss,Advanced
55,73.90728725676226,175.1737844142202,24.085132341440495,weight_loss,Beginner
44,91.19352490972955,168.96325135559664,31.94327841307196,flexibility,Beginner
18,57.89071627428494,173.93430846173064,19.135438262143644,muscle_gain,Beginner
63,72.3778115417224,164.0588791581587,26.890938972134183,weight_loss,Beginner
30,70.45102100750671,180.86673729733326,21.536240025872534,muscle_gain,Intermediate
33,50.04483459816644,182.25969769646107,15.065306336964607,flexibility,Beginner
40,87.06874888230811,158.22682770390216,34.77779650997316,weight_loss,Beginner
47,89.12791274178852,165.6165563791475,32.49422890890282,flexibility,Beginner
62,65.68380997881651,191.94301055067146,17.828455916254637,weight_loss,Beginner
59,102.77482736017694,181.62205699876566,31.15656535707477,endurance,Beginner
60,112.73195726998958,170.25754099240783,38.88967681740907,flexibility,Beginner
33,76.1751357931655,189.33058182766868,21.250624534546457,endurance,Advanced
44,69.95945990317385,192.8123817963355,18.818136267885578,weight_loss,Advanced
42,101.1775477574488,181.0367549760118,30.870995634173,weight_loss,Beginner
27,92.55130707467626,191.93537490866942,25.123058282285797,flexibility,Beginner
50,55.96539685636945,194.32492857652466,14.820489711838594,flexibility,Beginner
52,72.15565541305108,168.3700359118726,25.45310486818764,endurance,Beginner
47,100.2410407686931,183.6227910277251,29.729828132191262,flexibility,Beginner
37,95.01468488409594,165.66668760314906,34.61946519432735,flexibility,Beginner
39,93.11967432695582,192.40349076334846,25.154492176151955,endurance,Advanced
19,54.21153108654687,198.92717536289047,13.699459765394964,endurance,Intermediate
19,86.45908707137923,155.2204407267346,35.88498929646306,endurance,Beginner
23,60.102209484349935,171.36027344827892,20.467751938811826,muscle_gain,Advanced
36,59.22540803079867,175.06523620278227,19.324498551848137,endurance,Intermediate
50,83.90001136599315,172.06621466791816,28.338105341473018,endurance,Intermediate
39,89.66576444639674,168.0301244670165,31.7579424404077,weight_loss,Beginner
41,114.73630402869834,163.22293154791245,43.066393928639535,endurance,Beginner
28,75.77545279892102,171.14729088077317,25.869526645645372,muscle_gain,Beginner
24,80.41355904831133,153.74442616336356,34.01970351654898,endurance,Beginner
60,89.88963930354308,188.47801721759737,25.30394465522684,muscle_gain,Beginner
25,75.99604247534964,165.68818772233027,27.682663994484024,endurance,Beginner
54,92.13597416005797,173.6641800293417,30.549825352365424,muscle_gain,Beginner
22,108.9235792869132,190.62487161651453,29.975247360500997,flexibility,Intermediate
62,108.98395856825243,167.99679244199973,38.61540542207003,endurance,Beginner
20,77.12635174101467,166.56443339284144,27.799580672637052,endurance,Advanced
35,118.21673311031724,165.81711519650926,42.99522669031076,endurance,Beginner
47,97.93333786746447,165.1002005118048,35.92819137947529,weight_loss,Beginner
25,114.55355351332851,177.53550846909013,36.34445067560001,flexibility,Beginner
42,92.2248879596657,150.3234830392492,40.81262007986841,flexibility,Beginner
49,94.52575373838242,196.7333529636257,24.422727371860624,weight_loss,Intermediate
28,56.78418321355414,175.7604436354733,18.38167583805988,endurance,Advanced
29,97.8917457473257,158.34885078207637,39.040578276620884,weight_loss,Beginner
52,83.48609399603563,155.20583804250504,34.6575641848488,weight_loss,Beginner
64,87.7366366780093,189.72969785562896,24.373076510951357,endurance,Beginner
46,95.2638253567043,154.7616322329003,39.774196395757286,muscle_gain,Beginner
58,108.70366266158396,174.0142866755026,35.89833998042993,weight_loss,Beginner
52,64.31974227659465,172.24315008183464,21.680054845617857,flexibility,Beginner
22,66.4579213263916,166.6710734349496,23.92358655234666,endurance,Intermediate
59,95.2225658724401,151.52146208264833,41.475494734488706,flexibility,Beginner
61,104.16012840149698,169.46724627982007,36.26853066507158,flexibility,Beginner
50,80.46469878821729,156.9391257300434,32.669533421008815,endurance,Beginner
52,114.02573623360385,188.54781444556758,32.07449887398585,muscle_gain,Beginner
31,115.63820317325366,154.23597157063688,48.610488759207556,muscle_gain,Beginner
46,100.59989096870655,199.2422575005338,25.34163330530872,weight_loss,Beginner
39,57.05225726673202,150.13525565750652,25.310892320561635,endurance,Intermediate
36,99.52126160380652,161.22619958243862,38.28640939718381,endurance,Beginner
64,107.39765879028276,153.07042348795005,45.836584266862964,muscle_gain,Beginner
65,64.24946592719468,188.6380540891784,18.05555765614661,flexibility,Beginner
41,75.86427805759865,195.71992231464142,19.804654023308487,muscle_gain,Beginner
42,119.03321088265237,169.09204013526264,41.631477153311145,flexibility,Beginner
36,86.26296991234108,187.4424149670822,24.55210112823853,endurance,Intermediate
63,118.33957475656446,160.14178276606958,46.144578829018954,weight_loss,Beginner
39,66.27376524948004,183.57357537235174,19.66623896743299,weight_loss,Advanced
28,71.65912558495054,169.0360257256612,25.079158363899516,endurance,Intermediate
56,108.19650752583289,197.17871384631377,27.828716944317254,endurance,Beginner
59,67.01975957494464,194.78272372675033,17.664526337441412,weight_loss,Beginner
26,101.82739320924681,175.66808103937976,32.99733847025706,muscle_gain,Beginner
28,77.50350895059918,184.37826363931418,22.798271644663597,weight_loss,Advanced
61,88.32587444895303,188.6580707681604,24.816307836921208,endurance,Beginner
18,103.94142045040658,166.31822622207525,37.57586252900997,weight_loss,Beginner
32,70.3790336484774,193.01646357363524,18.890984464078844,weight_loss,Advanced
53,80.72863847773665,180.27975999300253,24.83897586794079,endurance,Beginner
21,83.54561603157228,156.81750429491655,33.973054034614506,flexibility,Beginner
49,53.43813767318277,184.8977378937422,15.631048792969832,endurance,Advanced
22,67.29025483563795,172.90272862919863,22.50859976747884,weight_loss,Advanced
60,55.929867341998204,167.94449715017709,19.82952140861053,flexibility,Beginner
28,68.0776288407562,165.15552305637993,24.958484854970976,flexibility,Intermediate
23,75.02644788502911,157.6044614037539,30.204897828177934,endurance,Beginner
56,110.58157200731742,156.24924003253747,45.294652500640936,weight_loss,Beginner
43,96.3613008102866,186.08517059807073,27.827816067542233,flexibility,Advanced
47,101.85229055930563,165.2173592567088,37.31293809439565,endurance,Beginner
38,54.19495568581875,175.1573613501937,17.664529614949952,muscle_gain,Beginner
33,78.82398922717798,162.28220061537783,29.930683452017657,endurance,Advanced
47,104.45938590334373,154.87415600694214,43.55014075595671,endurance,Beginner
62,97.66511217989682,195.84043092518587,25.464475838514655,flexibility,Beginner
32,81.40324064835421,156.14392405789658,33.38808539090144,weight_loss,Beginner
18,86.30309584610599,154.64539074931267,36.08713584049681,muscle_gain,Beginner
35,113.68184566998758,153.47686811806875,48.26199377535604,weight_loss,Beginner
44,111.309162458119,192.14206750812374,30.149908319220668,endurance,Beginner
65,107.44650524343528,194.65457617515676,28.3571811928702,endurance,Beginner
29,107.06792713485987,187.91760695296173,30.319668468518103,flexibility,Beginner
33,59.4137918165735,163.02097824684324,22.356318096797143,weight_loss,Advanced
19,81.39444346018047,162.21592552312805,30.93198425744384,flexibility,Beginner
26,64.47820740646529,157.6704057628062,25.93657253175249,endurance,Beginner
32,94.44076672606788,196.90234530749453,24.358903008828555,weight_loss,Advanced
43,85.47735466093155,155.79383813544888,35.216850992636644,flexibility,Beginner
47,103.38302440027681,161.81106146851505,39.485061550324865,muscle_gain,Beginner
42,66.90498348838528,160.76193254153318,25.887614413553894,muscle_gain,Intermediate
18,115.92276203894414,193.31681511830956,31.01911888046156,muscle_gain,Beginner
51,59.6164829504719,161.69932202462505,22.80079308602725,weight_loss,Beginner
31,81.10095700195097,197.37440502129775,20.818254397084324,endurance,Advanced
20,109.94386681272495,151.37657363958755,47.97927327611677,flexibility,Beginner
25,101.9287749194551,184.05991261375044,30.086965044582772,endurance,Beginner
29,66.84795884156287,191.0980105091566,18.305256530915656,weight_loss,Beginner
51,73.4503389993491,177.70402661673893,23.25944069205221,muscle_gain,Beginner
65,119.54627534641396,154.41345951598043,50.137854224743755,weight_loss,Beginner
33,117.01899570026009,193.83858575862314,31.144108337055794,muscle_gain,Beginner
55,92.10300744845316,162.88283537199797,34.71547965247504,endurance,Beginner
59,74.66346169045607,160.331408070896,29.044968399794246,endurance,Beginner
49,119.6429631424934,154.53139352435653,50.10184493830914,endurance,Beginner
51,116.6632970601978,180.97085861028143,35.621889508413936,muscle_gain,Beginner
22,88.7748658805171,154.95979350569755,36.970214205187474,endurance,Beginner
57,70.9652590086106,193.77886139744854,18.898746198217324,weight_loss,Beginner
21,73.81186196690146,181.75075557145854,22.344657952647292,muscle_gain,Advanced
31,79.5282613883947,170.3762626403952,27.397019161545344,weight_loss,Intermediate
35,116.89656967054117,184.71655468482479,34.26021845467805,endurance,Beginner
32,54.69554849930709,182.9884212307549,16.3344592390662,weight_loss,Advanced
47,65.93088244374735,195.08056352985244,17.324507030945792,muscle_gain,Beginner
51,51.58675824094867,171.5064917275455,17.537880669732363,flexibility,Beginner
57,81.63994148669299,189.23453041443295,22.798270967173757,muscle_gain,Beginner
62,113.15642210447018,180.4419477387075,34.75395179115051,weight_loss,Beginner
37,60.817555211060636,183.12688255890822,18.135300386159997,endurance,Intermediate
27,95.8745185859506,188.93704970603085,26.85770734990642,weight_loss,Advanced
63,103.74614277271459,176.8344394347519,33.17708754448495,weight_loss,Beginner
28,63.389271230752264,165.41256205541026,23.167479210000412,weight_loss,Advanced
50,80.1495931876085,164.12192569423974,29.75555905315625,muscle_gain,Advanced
26,76.03783448813901,198.78044605135682,19.2434270723295,flexibility,Advanced
52,113.70695461479471,154.9472495825699,47.36082782214395,muscle_gain,Beginner
24,69.97356327848823,163.89068988179037,26.051061456711576,endurance,Beginner
39,68.49450840742092,188.3241917935849,19.31272375274656,endurance,Intermediate
35,82.55170978479833,193.96463752075672,21.942239664763697,flexibility,Intermediate
23,77.73107491084849,172.68359970835235,26.067086130478994,muscle_gain,Beginner
19,92.75124813855484,170.17853926523955,32.026551609726546,flexibility,Beginner
35,96.5740168636558,156.39541894676978,39.483190577235426,muscle_gain,Beginner
50,107.93098243286764,157.04184483433016,43.76383311817273,flexibility,Beginner
19,110.27710624283304,153.3609842377064,46.88733913886073,endurance,Beginner
39,65.79903794725831,169.90898071467058,22.792232933771988,flexibility,Advanced
21,53.20516392991448,175.79107355453462,17.21710582508655,flexibility,Intermediate
28,59.7386990746286,166.86031371212118,21.45604390772331,flexibility,Advanced
23,54.94756505745449,158.60580687229344,21.84289934985781,endurance,Intermediate
38,80.34811412663196,196.25860452744743,20.860190718106274,flexibility,Advanced
23,53.01949667023107,187.90018630470462,15.016930787264666,weight_loss,Beginner
56,52.820558579963745,182.43434715743305,15.870469537041323,weight_loss,Beginner
30,110.24421884305346,187.3232991302334,31.41754375722102,weight_loss,Beginner
55,101.84138233996606,169.82511694913075,35.31184755204244,flexibility,Beginner
58,85.26200105383339,171.5582647033903,28.968915143016357,muscle_gain,Beginner
31,85.04496385463713,162.20549016281655,32.323434604111554,weight_loss,Beginner
45,79.15055378595748,166.1272869980622,28.679528845203258,weight_loss,Beginner
48,67.91057694923452,183.49291076255946,20.16967220563433,muscle_gain,Intermediate
33,58.961599140328154,172.54233850614395,19.80513897088132,weight_loss,Advanced
47,66.42780058823381,150.1672118834591,29.457754500677428,muscle_gain,Beginner
49,87.59488524249,157.52313859446056,35.30124605055844,flexibility,Beginner
24,100.5467588679876,167.43108219913645,35.86707054570324,weight_loss,Beginner
41,113.97510149477063,187.08448516043728,32.563752208633176,flexibility,Beginner
47,56.43786707510088,197.3334962519524,14.493356377943634,flexibility,Advanced
50,61.10984607032435,165.6969825188214,22.257787435249643,muscle_gain,Beginner
38,107.63134123769419,195.63311014405573,28.12250700162814,endurance,Advanced
51,77.6585659779588,168.30674821931908,27.414877409613613,endurance,Beginner
31,100.1981664215944,189.3127084051149,27.957622512135202,endurance,Advanced
48,68.14459437694526,193.79973981645065,18.143665538426802,flexibility,Intermediate
63,98.7919550991605,186.36084873171956,28.44541150813483,endurance,Beginner
37,83.74791812340965,199.51711201109225,21.0384490302072,flexibility,Advanced
56,50.21359635110365,187.17388392831737,14.332792802878183,weight_loss,Beginner
34,80.2295761998223,176.9593641133272,25.62048814437782,weight_loss,Beginner
65,118.55284084443088,198.1282000958013,30.20086464655861,flexibility,Beginner
59,94.6740603850215,185.9032191588299,27.394109230490365,endurance,Beginner
65,52.09335825019361,195.61487618077226,13.61377590418093,flexibility,Beginner
63,118.52152572568443,164.1928744047535,43.96313172167128,muscle_gain,Beginner
49,61.997860434078355,171.55772916259525,21.06474101904813,endurance,Advanced
42,91.52619780145486,158.37417136448684,36.4902391768599,muscle_gain,Beginner
59,52.36849832868608,193.77729070648616,13.946472075131107,muscle_gain,Beginner
38,111.95549538643527,164.85015543742801,41.19710458577847,flexibility,Beginner
51,101.34104301154477,169.31284540020124,35.35131335148503,muscle_gain,Beginner
54,66.05506158473676,155.57525157188778,27.29135369703002,weight_loss,Beginner
48,79.81811560489813,191.8504234388416,21.68582487672042,flexibility,Advanced
55,95.10197715634855,174.89050298588998,31.092603765595374,weight_loss,Beginner
27,58.873152785541905,170.50496175114262,20.2508497101715,flexibility,Advanced
24,50.542830902942235,150.37597881363186,22.351291813136548,flexibility,Intermediate
55,115.70192035050489,183.02814485662975,34.538606508253416,flexibility,Beginner
23,104.38597253628879,152.1855448895043,45.07080703382608,muscle_gain,Beginner
62,52.87122870904149,190.69917612338756,14.53857261137697,endurance,Beginner
29,101.37795885620649,188.0585969260189,28.665344119014684,endurance,Intermediate
44,74.4089247555633,199.46700523841128,18.701777863604335,weight_loss,Advanced
62,68.99588603788887,156.51170569133865,28.166283563058112,weight_loss,Beginner
21,50.889519651014766,177.19107544809256,16.20856860008973,flexibility,Intermediate
36,54.390820487596365,191.69211492346847,14.801887951191635,muscle_gain,Beginner
61,67.84040620142858,174.86262680970532,22.186788499270524,flexibility,Beginner
26,60.96926517515779,189.37771905081377,17.000167402570227,flexibility,Beginner
44,106.07238360371773,193.62036741858407,28.294384330117552,weight_loss,Beginner
32,119.76124942925325,182.68261042053047,35.88573953779624,endurance,Beginner
26,90.08008509295209,192.16459679569817,24.393944407930874,muscle_gain,Intermediate
57,111.07330491317923,154.79955032029957,46.35219497666906,flexibility,Beginner
35,83.35954453066837,176.24820318399765,26.83526799106768,flexibility,Beginner
19,55.48729654180812,160.30226636872365,21.59306244005331,endurance,Advanced
61,95.6844802926608,167.79153933125932,33.98610428772869,endurance,Beginner
25,98.95736159219938,198.10475705774877,25.214960895484378,muscle_gain,Beginner
63,97.7723096634,159.49775224796278,38.43321721763793,endurance,Beginner
59,108.99060279779229,168.53960406097343,38.36940953400011,flexibility,Beginner
37,73.3718875549325,154.54758134000252,30.718872138602602,endurance,Beginner
33,96.26587635337134,167.05017966635464,34.496773296104415,weight_loss,Beginner
62,110.63299759649908,180.19493333102744,34.072149201949394,muscle_gain,Beginner
25,57.01454484754356,173.1484758645097,19.01727626640234,weight_loss,Advanced
61,76.74618245474858,196.39483304866695,19.89741537549627,muscle_gain,Beginner
37,86.84169677410151,197.4582075182769,22.27295911609897,flexibility,Advanced
25,107.46592901051127,180.51946582522555,32.97787882788982,muscle_gain,Beginner
42,117.48815787195791,167.52847854634422,41.861694670444656,weight_loss,Beginner
25,76.91825187048539,178.43198213389837,24.159281021660284,endurance,Advanced
49,56.366992182976894,167.13741289824677,20.17797176260267,flexibility,Intermediate
41,106.52571308853814,178.2006386342183,33.54562886555927,flexibility,Beginner
31,89.98994766154573,184.69494006013798,26.38055961470244,flexibility,Beginner
33,69.01177778852431,195.1775449575453,18.116050114959567,muscle_gain,Beginner
48,82.61579776780057,199.11000070690272,20.839003764425538,flexibility,Intermediate
20,57.667482051227715,166.38402348698514,20.830886124783444,flexibility,Advanced
50,107.36273031379514,188.0761258472719,30.351922659929112,muscle_gain,Beginner
21,86.38084463085306,160.7465425584448,33.42982976550431,endurance,Beginner
55,81.66988832456,188.79974930581764,22.91179607050506,weight_loss,Beginner
19,113.50639242350742,190.91798241690466,31.14057650112614,flexibility,Beginner
41,69.5567952321147,181.33988434590995,21.152070983104085,weight_loss,Intermediate
41,117.91000312686383,176.7334241644347,37.74967935764466,weight_loss,Beginner
18,84.10010681818713,175.56837593053183,27.283743868646873,endurance,Beginner
19,106.89910995867567,167.26913450275117,38.20695877597146,muscle_gain,Beginner
31,98.85683306295013,189.24093031622058,27.604287673449612,endurance,Beginner
49,118.99199501232943,151.76864576824156,51.65990795909401,endurance,Beginner
62,89.24620100358423,197.71555149202,22.830113855513474,flexibility,Beginner
38,66.56413370519975,190.67094409794427,18.30927932781955,endurance,Intermediate
26,81.03627247693905,163.5219932190928,30.30589481626303,endurance,Beginner
29,110.82381469190466,197.40244833005607,28.43989740803833,flexibility,Intermediate
56,99.02242491891349,193.56628560390493,26.428597979533517,endurance,Beginner
53,102.4235872795788,179.3259143710437,31.850325465533707,muscle_gain,Beginner
33,112.33744002462132,183.03400700990233,33.53211507648133,flexibility,Beginner
37,99.9242645816645,195.80292788198648,26.063491708749382,weight_loss,Advanced
63,85.535329865054,161.63388209696421,32.74015467456292,endurance,Beginner
52,74.90748634829147,188.77552849147975,21.020054331768662,endurance,Beginner
51,50.62213809182554,165.21572815665078,18.54546412623913,flexibility,Beginner
28,86.62722840605642,157.46158741359812,34.938573464910505,muscle_gain,Beginner
62,68.17537286680985,156.83297288820467,27.717418042703322,muscle_gain,Beginner
60,60.00515745465221,185.1131513513931,17.511124313128867,weight_loss,Beginner
58,62.54514183595167,175.7422165141669,20.250762607667955,endurance,Beginner
46,109.4536086518909,163.1485380541988,41.121004184436735,muscle_gain,Beginner
18,96.71526681989047,179.20651710053622,30.115316763311107,endurance,Beginner
63,99.69154686071133,196.7631287211147,25.749624219549293,endurance,Beginner
61,72.21705023721269,162.12548095362712,27.47496769464117,muscle_gain,Beginner
59,50.06484501499969,154.19534714342979,21.05670137227883,endurance,Beginner
34,104.91441936402924,175.48606135974123,34.068258040245894,endurance,Beginner
18,96.2747956319553,163.56768383768616,35.984676055767885,weight_loss,Beginner
45,75.90490572973353,191.60737873158942,20.67499370774645,weight_loss,Intermediate
50,81.99142423455953,191.51804177642182,22.353680811149545,muscle_gain,Advanced
54,111.78467700532356,161.79738659071984,42.701120508726866,endurance,Beginner
29,114.16551298343477,160.65001210930046,44.23575124459843,muscle_gain,Beginner
25,82.48847168130112,184.25408786737339,24.297354683468242,endurance,Intermediate
21,55.7079492783012,156.08539943947824,22.866126998566692,muscle_gain,Intermediate
23,82.42925058504191,194.0350602419715,21.893789178928795,endurance,Intermediate
65,112.85785245633011,192.1583546091681,30.564214523092424,flexibility,Beginner
37,91.86362798352351,160.06438633980218,35.85536642715304,weight_loss,Beginner
21,108.37878896223049,186.3347553572674,31.214512656464965,endurance,Beginner
18,67.3256022526812,154.1883758505172,28.318939092221754,weight_loss,Beginner
46,89.31083783257614,167.4822251892048,31.839535174525768,endurance,Beginner
59,95.01365265383942,188.61803119429354,26.70666135311644,flexibility,Beginner
34,88.81690440798647,191.50634062802595,24.21750047684819,weight_loss,Intermediate
57,55.36491408294094,187.43877119319643,15.758532559809392,flexibility,Beginner
20,113.07949570024645,164.65358879594933,41.71012207340717,endurance,Beginner
50,81.33030532773219,185.9900462498857,23.511102663380022,flexibility,Advanced
26,66.39904221442438,167.33428955880808,23.713296222385917,weight_loss,Intermediate
58,99.82827724094452,153.7663479867636,42.22123930275148,weight_loss,Beginner
63,78.29677545277758,192.13526466582053,21.20946485071799,muscle_gain,Beginner
48,71.53311302956097,150.86825891670097,31.427610969537742,muscle_gain,Beginner
30,65.09923643830327,187.85397000937314,18.44739892002805,weight_loss,Intermediate
59,86.6089322052869,157.46183756533947,34.93108323758995,muscle_gain,Beginner
64,99.39909639700214,182.94320752878286,29.699549234929346,weight_loss,Beginner
45,113.61119341261573,172.48887063350753,38.185542459341,flexibility,Beginner
45,106.83553778896574,184.6884540608938,31.321045355812082,weight_loss,Beginner
50,59.6908381423427,181.17268498181,18.18537394167364,weight_loss,Beginner
64,60.10922191364371,190.23178945848633,16.610202222023805,muscle_gain,Beginner
34,73.40499445267662,157.83517606282385,29.465784757854156,weight_loss,Beginner
47,103.76553371459303,162.68744026496188,39.20532624932486,endurance,Beginner
54,106.06150998462891,193.09376055475417,28.446007784817265,weight_loss,Beginner
31,107.28514553724887,181.99424090059446,32.39099613386077,muscle_gain,Beginner
21,58.41127711937572,155.08837088722015,24.285007050162218,flexibility,Advanced
38,72.96537875599498,189.39985865746948,20.34030871096494,muscle_gain,Advanced
47,78.23085688835536,154.5503575280543,32.752017630252375,endurance,Beginner
55,64.49350778752851,162.0917953281914,24.54674628130613,weight_loss,Beginner
56,92.53293438637701,162.7099008510349,34.951705611511294,endurance,Beginner
46,72.18033364613294,172.04454796590267,24.385802725348967,endurance,Advanced
41,83.14047621298127,160.0624651777963,32.45140503970124,weight_loss,Beginner
19,52.516411050468584,167.41589831650828,18.737068472850584,flexibility,Intermediate
63,111.83270405186002,173.25485063028032,37.25615409030602,muscle_gain,Beginner
65,107.90549107298199,189.08902912303512,30.17941948046373,flexibility,Beginner
51,81.10343795547749,195.28132492404092,21.26756840249715,muscle_gain,Beginner
54,78.1368475487202,191.88400963009062,21.221609344257704,weight_loss,Beginner
49,50.678376809905046,175.46095856571978,16.461207941048972,weight_loss,Intermediate
57,83.86867510339073,170.70258902198034,28.78190704942499,flexibility,Beginner
33,75.604918009992,151.60907593055373,32.89270918926984,muscle_gain,Beginner
64,86.73011808351993,191.2916751915107,23.70160722510495,endurance,Beginner
52,114.15862938695595,188.42327216516782,32.15434468141499,muscle_gain,Beginner
24,94.04473542962643,152.37224360440194,40.50631766571707,flexibility,Beginner
29,109.72786732286286,198.47635827817243,27.85475691927139,weight_loss,Advanced
51,55.874700261746746,150.70210150344911,24.602349819366424,endurance,Beginner
44,80.6499797951594,166.91740429362088,28.946830495949648,flexibility,Beginner
18,74.32273451779197,163.58521280072435,27.77369062165247,weight_loss,Beginner
55,80.11700972377838,178.53894206708082,25.133838335676632,muscle_gain,Beginner
35,61.15380054949753,151.39789732524267,26.679873456869363,flexibility,Intermediate
63,70.64960001478512,193.62519502487558,18.844558672897072,muscle_gain,Beginner
25,90.99701459400163,181.52922593332957,27.614299626386885,muscle_gain,Advanced
57,100.00479705838038,191.20911487593747,27.35291718832826,muscle_gain,Beginner
62,110.66806819297014,177.33046905533442,35.19294440031279,endurance,Beginner
65,59.32016072550269,193.25238140065636,15.883734181153915,muscle_gain,Beginner
30,89.42029781094139,177.9826547845131,28.228041751643108,endurance,Advanced
37,86.17816234071105,172.15684892169085,29.076934564024313,weight_loss,Intermediate
53,114.98821997744898,161.00677325569785,44.35729543596332,endurance,Beginner
21,118.73436925724171,192.01558324161522,32.203531357279545,endurance,Beginner
38,82.17808337768444,150.14720170520516,36.45201352699323,weight_loss,Beginner
46,87.55448723496623,167.14055983838148,31.341133829431747,muscle_gain,Beginner
61,77.817021285367,186.40956949336288,22.394336296504346,muscle_gain,Beginner
28,67.31950844993396,169.96958459522565,23.302285031458297,flexibility,Advanced
47,103.09295463514835,172.4973908411123,34.646863560763016,flexibility,Beginner
49,113.04254968232203,163.61088537046828,42.22965708658495,endurance,Beginner
32,55.853324469695025,189.94358726797162,15.481026584260176,weight_loss,Intermediate
30,56.17174723269643,199.17114435810356,14.160060065296632,flexibility,Advanced
63,108.07472543672836,181.0816786162783,32.959082798448904,weight_loss,Beginner
18,111.92388894089888,196.12788027307306,29.09672589172808,weight_loss,Advanced
43,82.22372354391089,184.41462735055478,24.17722262216575,flexibility,Advanced
27,54.317072329100185,194.96903347801663,14.289106596262787,muscle_gain,Beginner
42,114.51667774252604,191.55254325480348,31.20993722517936,flexibility,Beginner
42,101.86563497454625,179.40750280979054,31.648016342282794,muscle_gain,Beginner
42,91.16833749305884,172.12563872629454,30.77180031586781,weight_loss,Beginner
54,55.199567757535846,193.21747683706582,14.785733153574174,flexibility,Beginner
29,88.53456476094468,151.063791351454,38.796459646448334,endurance,Beginner
23,103.36906709703558,186.36043944015722,29.763441399347677,endurance,Beginner
64,54.133953882291095,179.19558172047508,16.858353405024,endurance,Beginner
18,70.4198322505456,167.63143479367622,25.06017282218664,muscle_gain,Advanced
62,118.97591828235454,194.6087259826059,31.414810651886505,weight_loss,Beginner
51,62.79490557662791,183.58438805949612,18.631718728904957,flexibility,Beginner
26,82.7115464370689,150.87502616180205,36.33552369647207,flexibility,Beginner
18,77.40050173899101,178.69556825381883,24.239084469951198,muscle_gain,Intermediate
34,91.95558864616635,175.76772739668718,29.764586516669162,endurance,Beginner
35,77.26889520058144,168.189624670359,27.315320454674442,flexibility,Intermediate
60,69.33537683572801,173.25885576316156,23.097447916236412,muscle_gain,Beginner
64,106.86747510982319,158.2091331589255,42.69553370283071,muscle_gain,Beginner
31,89.06120537007743,166.23411632164823,32.22910537891201,weight_loss,Beginner
60,81.96342009956561,156.8877889316195,33.29981242529411,endurance,Beginner
56,82.4199029146256,175.71870830323223,26.69292058319824,flexibility,Beginner
58,93.18761265605866,176.7406868482941,29.832188120070317,muscle_gain,Beginner
20,92.57215030667915,194.2302688779609,24.538416242975124,flexibility,Intermediate
31,100.43505966173926,194.13903505221495,26.647692521230688,weight_loss,Advanced
61,112.67599745711965,187.3371147428001,32.10581929214853,weight_loss,Beginner
50,114.24045890282159,178.39824852152304,35.89539745859541,flexibility,Beginner
37,114.85504753642326,171.54019743054909,39.03177258439865,endurance,Beginner
43,65.7286694414549,165.57307348024997,23.975927671618027,flexibility,Intermediate
29,77.97646538097393,153.40559840824855,33.13455381361253,weight_loss,Beginner
54,117.39880005239876,195.42509238183422,30.73993933561584,flexibility,Beginner
24,103.9991708951055,150.15996182400667,46.12342810878976,endurance,Beginner
51,110.39489637863156,182.74164875461668,33.0577977493912,flexibility,Beginner
37,53.299524290409416,175.2340238368079,17.35747169116321,weight_loss,Beginner
48,113.97540359211533,190.3461371365156,31.457412936895047,endurance,Beginner
35,95.060321635679,180.47448793720108,29.185533931965814,muscle_gain,Beginner
58,61.51095930909792,195.6886553014447,16.062798165346234,muscle_gain,Beginner
64,67.53203239770986,170.54933202037486,23.217196367900314,endurance,Beginner
53,71.49022189366465,155.5551891597108,29.54456761414219,muscle_gain,Beginner
59,88.88354368597658,171.84157959105934,30.09988586751788,flexibility,Beginner
48,93.57717919054214,171.97307987485033,31.640913344472185,muscle_gain,Beginner
48,81.75908757650166,195.8611558246648,21.31274604223092,flexibility,Beginner
26,67.52386682409679,196.34297056769637,17.515663368045313,flexibility,Intermediate
56,74.95280834765983,152.21121296632043,32.35151446537263,endurance,Beginner
57,92.41964033447807,186.96191204054878,26.439789443842624,weight_loss,Beginner
60,99.48192732120071,171.53510408407772,33.809454972533025,flexibility,Beginner
18,54.78797124491403,174.64323398207745,17.963116617884648,endurance,Advanced
27,82.38835972128723,186.82685684407997,23.604088910964176,weight_loss,Advanced
35,99.13686976613099,180.72980083823728,30.3511857056063,weight_loss,Beginner
22,77.15364458987354,150.72120770661255,33.963130614890964,flexibility,Beginner
55,75.40037574363245,159.2752052575892,29.721940692080512,flexibility,Beginner
56,87.6155961974417,162.95596592483395,32.99444980636045,flexibility,Beginner
44,112.89829513600475,164.98813046265593,41.47457848507092,weight_loss,Beginner
53,100.67443153509815,174.10004625156276,33.214017719948494,flexibility,Beginner
47,106.38723327388348,171.33702048159154,36.23990862929975,endurance,Beginner
39,81.45886495437432,167.38370810009545,29.074481935576035,flexibility,Advanced
56,68.87659880376958,183.96753397092485,20.351167064293683,muscle_gain,Beginner
65,75.63137148797719,182.57980958970134,22.688013726478957,flexibility,Beginner
41,81.06324913209855,199.27482283624317,20.4135785144208,endurance,Beginner
28,104.65249451534771,156.73730646039314,42.599531855139396,flexibility,Beginner
50,82.09192120994452,183.38975657013958,24.409015972728287,flexibility,Advanced
21,78.26272231473018,187.63415828277763,22.229574186301015,flexibility,Intermediate
19,116.59204091017553,182.88384901727318,34.85926274252151,weight_loss,Beginner
24,61.197345002251694,187.89381295239144,17.334352411689533,weight_loss,Advanced
40,64.68058190989476,184.84759014320716,18.92981337433472,weight_loss,Advanced
31,98.33439294847514,186.90978858938357,28.147598562918063,muscle_gain,Advanced
34,79.25065547900101,181.52091841766816,24.051906256143056,weight_loss,Advanced
43,119.17159021443354,199.22122065040844,30.02628075615099,muscle_gain,Beginner
23,80.4049381792768,160.1508093800209,31.34905448187138,endurance,Beginner
51,71.47217716177403,189.31761042291419,19.941369619541707,muscle_gain,Beginner
26,75.99857937350045,173.06947626511234,25.37257326873213,muscle_gain,Intermediate
60,117.4473541111938,157.00544503834806,47.64461356243664,muscle_gain,Beginner
65,108.66358251065131,173.49297639224505,36.10108243041509,endurance,Beginner
32,54.098723792034264,173.84886611048682,17.89959873125566,weight_loss,Advanced
56,57.20305870615735,199.83156518168684,14.324882606505044,muscle_gain,Beginner
64,50.57724115917524,171.36602500053868,17.222876611569557,muscle_gain,Beginner
52,60.962298164036085,158.54227758876502,24.25331709700212,muscle_gain,Beginner
36,95.08146537982762,194.7904721786436,25.058810141950904,muscle_gain,Intermediate
33,76.31320987428971,156.06289646787096,31.332885753794216,weight_loss,Beginner
37,87.46257416712001,182.4981907642843,26.260629261600993,flexibility,Beginner
38,99.21155337954337,168.70505629247597,34.85828780659299,weight_loss,Beginner
62,52.29625718682665,159.83507323503812,20.470405184435325,endurance,Beginner
18,96.90683671090008,169.13558760784653,33.87539938473758,muscle_gain,Beginner
24,80.72236335621719,180.00760149575729,24.912205522031716,endurance,Intermediate
49,106.07464538396482,157.22295982672284,42.912088590876735,endurance,Beginner
37,118.28820754047416,188.64900010739876,33.237812648939865,flexibility,Beginner
58,112.39122579754546,199.76837657255368,28.163000783862774,weight_loss,Beginner
42,85.15946804190757,183.7805155697327,25.21355065864609,endurance,Advanced
43,111.54715752878876,171.48298157782253,37.93293579855446,endurance,Beginner
19,105.14560473179873,187.91961966451856,29.77466429396034,weight_loss,Intermediate
45,57.35120830362491,169.90018542383925,19.868032721183827,weight_loss,Beginner
62,70.74492879928391,153.26317244643297,30.11755360411227,weight_loss,Beginner
19,117.62054495895998,191.3978395400739,32.107694698464265,muscle_gain,Beginner
54,64.17976088846349,161.4507795612889,24.62168677078984,muscle_gain,Beginner
59,59.99475621402546,157.79550679662452,24.094838947613674,endurance,Beginner
29,85.66717962426446,196.43189136325407,22.20191688320351,endurance,Intermediate
59,55.25886645159246,159.82613823676147,21.632482433736865,weight_loss,Beginner
38,119.31627964379807,161.60657560849918,45.68584350005596,endurance,Beginner
60,86.9233950245841,185.3476409705213,25.302448801463395,muscle_gain,Beginner
34,73.77994083029566,187.1530010148384,21.064187488160933,muscle_gain,Advanced
42,67.46809502565489,167.35606012808137,24.088821945896438,endurance,Beginner
53,108.12326178655044,158.84056380502062,42.85448682479227,flexibility,Beginner
22,67.45168608929362,198.80142726774844,17.066867394608707,flexibility,Intermediate
61,89.9712051644108,197.54552260336234,23.055213925712483,muscle_gain,Beginner
30,109.61878828940138,181.15850725880622,33.40161994983102,weight_loss,Beginner
21,112.84750251991093,179.30426630836118,35.10029008175441,flexibility,Beginner
49,81.0954194390367,188.0907071858959,22.92248228431681,endurance,Beginner
24,67.50614951325815,165.1483540554787,24.751118966312806,weight_loss,Intermediate
47,74.16094207043781,160.56881972420757,28.764233654766773,flexibility,Intermediate
41,99.47646952601522,162.47932625148994,37.68114963706365,flexibility,Beginner
52,117.54523167496218,172.24539846461337,39.619570130662886,weight_loss,Beginner
57,71.01011955045189,179.23853629544436,22.10331771958162,endurance,Beginner
47,76.56962133863217,151.34100983914462,33.430528651764135,weight_loss,Beginner
37,84.25331723485522,154.97448448812958,35.08056732926563,muscle_gain,Beginner
35,76.50166500219919,169.0224399563042,26.778247660189106,endurance,Intermediate
24,112.47873796947977,164.00113574415968,41.819296584833616,flexibility,Beginner
57,92.70641761303271,191.62483049111935,25.246793734721468,flexibility,Beginner
31,83.91033801260267,182.14092173417748,25.2930038724024,endurance,Intermediate
28,65.52236333856024,179.6670204356629,20.297980103858734,flexibility,Intermediate
41,53.97749431049416,160.5984853674689,20.92810136713338,flexibility,Advanced
48,95.49077000372667,178.24790579197514,30.054708711349228,endurance,Beginner
47,66.22071383684596,164.8405002103131,24.370588157668255,flexibility,Advanced
39,103.4161840628592,158.25457023967837,41.29295729281511,weight_loss,Beginner
40,65.33187518000749,179.9399530555203,20.177619031482475,muscle_gain,Intermediate
45,92.7670960044337,199.93391665794445,23.20710749969799,weight_loss,Intermediate
29,116.32996286273872,165.25327476750323,42.59821885106764,flexibility,Beginner
37,103.43163890949488,186.18431513116204,29.837829166918294,weight_loss,Beginner
53,70.80942177871466,161.76650504094357,27.059130841949244,endurance,Beginner
34,106.07136534925428,167.9441945882382,37.60695472047384,muscle_gain,Beginner
46,83.8291340736279,164.58043372894443,30.948426628792866,muscle_gain,Beginner
44,90.24903446380978,177.3054634666689,28.707695302418774,weight_loss,Intermediate
49,101.9223767793491,196.39906105440016,26.423523453653004,weight_loss,Intermediate
27,80.65121031684569,177.61570053697028,25.565140448901868,endurance,Advanced
29,114.1179514005775,166.75781253336868,41.037565377437254,flexibility,Beginner
19,95.01321385893854,158.62379302995612,37.761335661734684,weight_loss,Beginner
31,103.7516522386372,188.54574207360082,29.18512536604738,muscle_gain,Beginner
60,73.5238583703898,163.63504767786458,27.458425782317786,flexibility,Beginner
48,69.30772699349244,163.96956464483034,25.778353142086804,flexibility,Intermediate
18,110.44962651798863,186.9492063122355,31.60217693158528,weight_loss,Beginner
30,75.35290977319532,171.61660817034164,25.584763023881667,flexibility,Advanced
57,86.13843044453823,153.94954210482587,36.344621556258694,endurance,Beginner
63,68.52143582636282,178.5996007901198,21.48154369371629,muscle_gain,Beginner
55,112.9146929044638,182.85511012369898,33.77040384324889,muscle_gain,Beginner
41,111.95250086127736,186.1511825160893,32.30741428404088,muscle_gain,Beginner
19,79.62065027277218,157.83528472309206,31.960791366175375,flexibility,Beginner
44,105.58562251923803,162.73041736328102,39.87193459286767,flexibility,Beginner
60,109.67997444253457,195.67267222556978,28.646197940692012,muscle_gain,Beginner
37,82.24826508164753,190.97077612817392,22.552407987496174,flexibility,Intermediate
49,79.96671113001831,177.05624192160846,25.5086074695826,flexibility,Advanced
51,66.38080116715253,169.7345920632861,23.041023550418466,muscle_gain,Beginner
28,116.70769319358801,174.7259874607923,38.22825531777565,weight_loss,Beginner
45,95.15912892909105,198.52150916739583,24.145451002082808,flexibility,Beginner
33,78.81118652910735,177.56260823868146,24.99682411513314,endurance,Advanced
27,98.69168893091667,199.1343796289313,24.88789067276429,endurance,Intermediate
63,60.62812465187909,195.77174237647077,15.818821398191146,weight_loss,Beginner
30,50.43277523658134,180.65575708059816,15.452873706068765,flexibility,Beginner
24,83.634344437231,175.83505036813318,27.050404062829184,endurance,Advanced
29,106.25673465683975,162.5521933454606,40.21340037507888,endurance,Beginner
27,108.20168451100017,198.10574521440242,27.570197732282832,muscle_gain,Beginner
32,117.15730767110566,189.64283678077788,32.57590551119701,weight_loss,Beginner
46,97.13483782432635,171.06953748497563,33.19171226784147,flexibility,Beginner
57,117.36200549410142,186.61577108655442,33.70007247937862,flexibility,Beginner
22,101.19902520569467,182.6580599716687,30.331832420311585,endurance,Beginner
54,50.7969483724723,165.52440253854135,18.54016371984854,muscle_gain,Beginner
52,100.70154644204175,179.1787607529423,31.366284896401613,muscle_gain,Beginner
36,65.24797621864329,186.16544387989302,18.8264703848087,muscle_gain,Beginner
56,107.41002806790375,159.74143721837513,42.092978257011715,weight_loss,Beginner
38,105.87959476681405,157.6818755835023,42.58422190058201,flexibility,Beginner
38,55.095552043417584,159.69244099480267,21.604679107386996,flexibility,Advanced
49,103.03852980309497,177.2670857033458,32.79015303547129,endurance,Beginner
35,118.74220169420498,169.6986047798934,41.233343683719546,weight_loss,Beginner
51,80.61950144175186,193.85795673045067,21.452249837939462,weight_loss,Beginner
35,102.66794271489013,170.2296675234851,35.429445699242635,muscle_gain,Beginner
48,103.04463324043684,159.77500209448664,40.36525626359598,flexibility,Beginner
55,105.47608771983828,163.4103955652538,39.499777580294,endurance,Beginner
21,75.31132285020811,166.0281164063655,27.321025358502524,flexibility,Intermediate
21,65.76538924446757,171.25855629120576,22.422954605327657,endurance,Intermediate
51,116.80010152432723,195.78080221833892,30.472144061565018,weight_loss,Beginner
19,76.57338869712059,167.6226765323679,27.252875037788737,endurance,Advanced
39,71.74992254924987,190.63558616717555,19.743015585078073,muscle_gain,Beginner
60,66.747676072519,157.4359914237074,26.92948840028098,endurance,Beginner
38,90.42688629089764,196.70215165221913,23.371110876246636,endurance,Advanced
44,54.43827082211597,184.19630309513747,16.045102761630694,endurance,Advanced
64,68.84691860252993,162.6266119341906,26.031624958020718,endurance,Beginner
18,91.8570584107938,199.18179097731655,23.153319644066947,endurance,Advanced
45,84.91703956997397,179.57309757566156,26.333725051729427,flexibility,Advanced
64,88.02517823824435,193.64680915856695,23.473952565515507,muscle_gain,Beginner
48,98.75388446614619,199.08405706231133,24.91616639663167,flexibility,Intermediate
51,72.98983884175877,177.24181370646946,23.23432359915053,flexibility,Beginner
25,52.017605307156835,186.63033749487272,14.934334422745096,muscle_gain,Beginner
64,64.17423964528192,150.9902576904849,28.148994040493598,muscle_gain,Beginner
18,119.10308419245636,162.07732587734222,45.33968332757471,flexibility,Beginner
57,77.59558449590955,161.86369002799336,29.616800174994335,muscle_gain,Beginner
25,109.04006549169702,150.00021954677047,48.462109466877656,endurance,Beginner
52,108.0532485520772,168.1449812184223,38.21818075415833,endurance,Beginner
54,101.67906334309612,160.42031245735632,39.51052687789638,weight_loss,Beginner
53,80.84632534855633,188.11386210132164,22.846447819651683,weight_loss,Beginner
49,84.06086338061365,175.15656786800298,27.39939622475409,flexibility,Advanced
54,51.88719829675946,192.52156103632205,13.999143722904398,flexibility,Beginner
30,103.27309897103692,180.35354800924395,31.749568589450988,weight_loss,Beginner
55,57.616152608787246,193.46635337968667,15.393357752233255,flexibility,Beginner
25,75.14958714463134,162.1438742496359,28.58416482144174,weight_loss,Advanced
45,78.99819610983972,183.80298766123704,23.3836359800463,flexibility,Advanced
27,50.89866162739198,153.51080599311666,21.59874210753528,muscle_gain,Advanced
19,108.05794100097785,172.72230760184047,36.2209489972684,endurance,Beginner
57,112.95460442629646,175.80352261314664,36.546752592745094,weight_loss,Beginner
55,111.29178326028847,177.5515325267168,35.303214447540284,endurance,Beginner
26,106.82288544377487,191.3604118181671,29.171590660399417,weight_loss,Advanced
37,73.38047636882364,197.565114209595,18.800093406968795,weight_loss,Advanced
57,85.72997043623147,188.8930477805672,24.027065150612234,weight_loss,Beginner
36,80.57781839850703,190.59301278455874,22.18204359799467,weight_loss,Intermediate
54,58.61162727383396,194.90407147786317,15.429148401381324,endurance,Beginner
32,117.81988319886253,159.10115049194962,46.54488349858187,flexibility,Beginner
39,85.18787294398408,151.21353703920732,37.256017615445955,endurance,Beginner
65,88.08977711133605,157.13656996957906,35.67557430795348,endurance,Beginner
52,113.15570359008797,184.02162016025855,33.41479102337455,weight_loss,Beginner
23,82.56451613653712,195.18335705393906,21.67244319686607,flexibility,Intermediate
53,68.71589847461391,188.39940006223168,19.359681064419533,muscle_gain,Beginner
65,77.53451819841439,191.06835777080028,21.23819239785558,flexibility,Beginner
54,59.58895959058625,160.72790716173947,23.066580808876115,muscle_gain,Beginner
49,81.39538051577551,158.94399865639784,32.21895783716894,weight_loss,Beginner
63,93.97498057367292,162.80469148034712,35.455075404081605,weight_loss,Beginner
52,53.50310219813837,158.60831497677233,21.268020060535296,muscle_gain,Beginner
56,56.958604090327746,196.51470789910513,14.749225548240336,muscle_gain,Beginner
42,78.25294724488005,170.95780302300423,26.774591111855045,weight_loss,Advanced
56,79.42634669851267,194.38873938968376,21.019499968358918,flexibility,Beginner
40,80.35240783728162,187.97160788759814,22.741252625290862,muscle_gain,Intermediate
29,53.942353809596405,156.99312700357316,21.886111807251254,flexibility,Intermediate
31,96.93506827690223,158.26127983162687,38.701836474943846,flexibility,Beginner
43,55.635655650927475,166.6357398119338,20.036271250630595,weight_loss,Intermediate
32,76.34032859811731,179.67278261938895,23.64772886521402,flexibility,Advanced
58,102.2674773177391,152.04444086408114,44.23809851511783,muscle_gain,Beginner
31,110.64634622384963,170.696822414522,37.97398757066653,muscle_gain,Beginner
56,65.25753002872192,169.13425002569846,22.81221772155894,endurance,Beginner
25,78.98002039970689,186.60183208886852,22.682213539884714,endurance,Advanced
60,58.184811183751194,188.13709995349944,16.438445220282116,flexibility,Beginner
55,111.78090542571044,162.4503747490168,42.35709704924546,flexibility,Beginner
53,99.58839872280979,166.84558810672272,35.774971398048095,muscle_gain,Beginner
60,98.21441633815951,181.94753227007567,29.66763318728838,muscle_gain,Beginner
21,107.05314340246728,195.02258182024008,28.14683847472126,flexibility,Beginner
30,70.11303450176396,194.3315837048709,18.565728018919682,flexibility,Intermediate
36,94.57111449580526,157.56683145808498,38.091572667832104,flexibility,Beginner
52,88.4467232571476,183.08678713711035,26.385646562301055,muscle_gain,Beginner
25,56.98295378225241,156.7146547979347,23.202016799895794,endurance,Advanced
41,90.66806377372228,197.86650733989703,23.158464777400365,weight_loss,Intermediate
43,68.96138596731258,165.09398500370347,25.301337517089173,flexibility,Intermediate
31,88.76393012775003,175.7118887945998,28.749760327599343,weight_loss,Intermediate
58,87.1920353491605,189.09580077899528,24.38445460351288,flexibility,Beginner
28,50.888370812881405,181.14406554358595,15.508518977043636,flexibility,Advanced
63,55.37379652842657,174.42162007783608,18.20135283163889,flexibility,Beginner
23,69.90986752116851,175.00600768017102,22.826144591874378,muscle_gain,Intermediate
32,110.42151871237613,186.4293808562511,31.77056962588218,weight_loss,Beginner
49,116.47590422332286,186.79209206293854,33.38252002735326,weight_loss,Beginner
30,102.22007960840185,151.43032344046753,44.57696689806686,weight_loss,Beginner
48,112.34838823830572,158.57751647837296,44.67696083416476,endurance,Beginner
31,97.23187046226668,189.40851264938652,27.10251871091947,muscle_gain,Intermediate
26,101.58259411661987,189.74802119358822,28.21400819853084,weight_loss,Intermediate
39,103.38051139129107,150.94129013561488,45.37561880754658,flexibility,Beginner
27,104.35708028145447,175.64729516379958,33.825092046710225,muscle_gain,Beginner
44,73.86336205346748,184.98330127463765,21.58559479110858,muscle_gain,Advanced
25,53.89075657793859,196.6239261977235,13.939318872024145,weight_loss,Beginner
62,78.87604733638878,177.9987553852649,24.89494709788308,endurance,Beginner
36,88.91271403987119,172.9453755404744,29.726649311505234,weight_loss,Advanced
60,83.21887634587847,178.86430052921088,26.012045826574344,weight_loss,Beginner
63,72.01429530838874,186.19663504210536,20.771844322171102,endurance,Beginner
44,77.29677554640189,185.0831705489025,22.564593624869467,endurance,Advanced
59,78.08777913827593,161.9619857076969,29.768495501085088,flexibility,Beginner
30,74.90102730438994,166.85527962170858,26.903443319146167,flexibility,Beginner
21,57.04791491640528,177.69133706885597,18.067882814175483,weight_loss,Beginner
57,64.99996658153648,170.75122915646793,22.293869575500292,flexibility,Beginner
27,114.46307831908602,189.210850513268,31.97226071006988,weight_loss,Beginner
47,92.79116676601663,197.10696771798672,23.883759093106498,muscle_gain,Advanced
35,103.01786653261306,199.8880288048069,25.783328452688988,endurance,Beginner
46,87.14518422908752,199.12194945088106,21.978857912338842,weight_loss,Advanced
55,105.81009313127295,191.8543601591636,28.746418867702992,weight_loss,Beginner
31,63.97975557770829,188.54209509409074,17.998069281181976,muscle_gain,Beginner
29,89.43058564854692,196.27605351383045,23.21407806483146,weight_loss,Advanced
34,109.20131322218317,176.0823259959569,35.220565777413384,endurance,Beginner
26,115.40999777057932,174.65914296321864,37.832129104767546,flexibility,Beginner
42,94.90480209908606,170.43527578247458,32.6715104157175,muscle_gain,Beginner
47,78.61983369795061,162.39108619665066,29.813141915235583,muscle_gain,Intermediate
25,105.08403322649767,185.03729246176607,30.691506258778087,endurance,Beginner
60,111.95537001601622,158.70680162319505,44.44816647220895,muscle_gain,Beginner
38,52.64383145914937,167.66336203046447,18.727126712724314,muscle_gain,Beginner
22,111.49900055226587,197.511048564996,28.581708475499973,endurance,Intermediate
64,101.80002923127563,198.5311435913759,25.827990275698216,weight_loss,Beginner
18,100.5399953256998,163.21533801872232,37.7413058894215,endurance,Beginner
39,107.16892339658416,170.37610374022802,36.91913381794993,endurance,Beginner
42,54.288631211232556,169.23614294595447,18.954950485119568,flexibility,Beginner
23,54.28808466496006,153.39925347276224,23.070554208513826,weight_loss,Intermediate
31,59.174435300694626,173.5785524108651,19.64002326139278,endurance,Advanced
41,118.60174973111525,185.28830455328662,34.545786241581396,flexibility,Beginner
26,92.2839794239514,157.02902623751925,37.425398948953834,muscle_gain,Beginner
63,100.11392508309521,186.60765489794554,28.749849692189613,flexibility,Beginner
19,96.23413761358034,153.55476555821332,40.81337976192254,endurance,Beginner
23,75.09775275954004,172.46536531419375,25.24777759833534,weight_loss,Advanced
29,112.98423902938497,161.2218011853426,43.468066945876096,flexibility,Beginner
42,50.45815745027448,164.97332158848735,18.53975327796184,endurance,Beginner
61,62.42835738530776,199.62444881076277,15.665867460541476,muscle_gain,Beginner
40,51.888292667300796,158.13303233952098,20.750290585509497,weight_loss,Advanced
35,83.20312244426978,180.83940332097714,25.442131557694985,weight_loss,Beginner
44,88.59628346988006,161.06433948208345,34.1520448560356,flexibility,Beginner
18,51.19544197895216,189.84731387940772,14.20438330391118,muscle_gain,Beginner
22,64.46078283954745,174.13212839726737,21.258751663257698,flexibility,Intermediate
40,77.96043078191522,175.38959500973272,25.343499290647898,endurance,Advanced
22,52.83952654226722,180.18376086854283,16.275248286581547,flexibility,Intermediate
60,53.7117050082873,152.44033707059066,23.113682212434263,weight_loss,Beginner
37,113.92202601630763,179.4333622509555,35.38354239406205,flexibility,Beginner
26,76.83105094213569,152.52931009210317,33.024036983327484,muscle_gain,Beginner
31,61.20984432882301,176.64309795615213,19.61678939284972,weight_loss,Advanced
32,75.48404554876005,162.19776097865,28.69230629975413,muscle_gain,Beginner
25,64.73749348475933,153.39559419523744,27.512503335482073,flexibility,Intermediate
28,75.56736695206533,163.04447845641127,28.42641540592887,weight_loss,Intermediate
50,110.13469608999287,151.78593953981732,47.80365146392293,weight_loss,Beginner
26,111.08903174997283,154.245730517033,46.69225816051125,endurance,Beginner
26,110.44703759293338,166.91717676124404,39.64167629440235,muscle_gain,Beginner
62,64.06726539535504,155.3856868890342,26.53469886822084,flexibility,Beginner
19,81.03564227116489,183.14381237551734,24.159702265007233,weight_loss,Intermediate
54,108.38235708349751,176.39090287042345,34.83423082709368,flexibility,Beginner
31,64.24159002539034,151.3029614665281,28.062181183266038,endurance,Advanced
54,96.64272075383167,170.6931054439404,33.16936739228094,endurance,Beginner
61,72.7223299638777,175.85191008609553,23.516549792607435,endurance,Beginner
44,115.72818562316165,159.64528614439092,45.40743240296982,muscle_gain,Beginner
19,91.12332295154735,181.80578451906393,27.568564597828185,weight_loss,Advanced
34,117.0781064593063,157.21839267434896,47.36624815520828,muscle_gain,Beginner
40,88.00732473632507,199.0487453127671,22.212627345766514,flexibility,Advanced
36,61.103731965720904,190.28251645091012,16.876017360863592,flexibility,Advanced
62,60.25541603946773,150.1416943894819,26.72966181341001,flexibility,Beginner
29,104.27560318648855,188.80665830188107,29.25149716741672,muscle_gain,Intermediate
31,70.92687432337462,180.45018685273388,21.78191952359301,flexibility,Advanced
40,93.21829659205109,182.05834507131465,28.124187289399746,muscle_gain,Intermediate
24,110.74500320906394,189.25095097896462,30.920606156289026,endurance,Beginner
60,81.87472575870436,152.11465033492985,35.38406884908678,endurance,Beginner
41,98.76417350267062,181.775829261455,29.890085999895348,flexibility,Beginner
65,54.87616786335818,171.9330158143365,18.56372874429779,muscle_gain,Beginner
34,94.63313385179984,180.295552983685,29.112077082868872,flexibility,Advanced
45,61.247736561762665,183.4326978015667,18.202730405950998,weight_loss,Advanced
59,82.60817840918642,192.19901865021762,22.362518554054326,flexibility,Beginner
65,82.49911246614602,150.87906901627892,36.24025835889781,weight_loss,Beginner
33,77.45585034871718,182.79837185814284,23.17979440790221,muscle_gain,Advanced
19,74.83336291313528,185.8930829189862,21.65552926016028,weight_loss,Intermediate
53,61.204374988234704,156.02656429929084,25.141163734098534,endurance,Beginner
37,61.51421932662761,166.484190039581,22.193690310617693,weight_loss,Advanced
40,113.315954336592,175.24431099730722,36.898032089624465,flexibility,Beginner
21,88.21324012521717,183.2092667427635,26.280819361920653,weight_loss,Beginner
22,105.8101666512131,175.333362563836,34.419002094166096,endurance,Beginner
35,108.13519068867629,183.1555979191877,32.234924451375875,endurance,Beginner
37,83.55750592981794,199.91944357416997,20.906214389856164,endurance,Advanced
38,90.8005609330962,152.2713038631195,39.1608760297391,weight_loss,Beginner
48,79.94206030132062,163.69475248339785,29.83361093576362,muscle_gain,Intermediate
32,107.02196512258516,169.59152402364867,37.2104254193421,muscle_gain,Beginner
37,71.48877989647984,158.7114457699605,28.38058801512243,flexibility,Intermediate
44,51.42720387230081,183.88554512151617,15.208897360805329,weight_loss,Beginner
53,61.54963338279694,194.089929655263,16.338773983678763,weight_loss,Beginner
42,103.67316998883814,174.08630595623137,34.20874631448826,endurance,Beginner
51,101.60229554165676,150.84872641975105,44.64987264516669,muscle_gain,Beginner
22,116.47681311747448,150.62463241485338,51.33900878871374,muscle_gain,Beginner
38,118.72173963116533,195.86780444045553,30.9459729339746,endurance,Beginner
56,57.35104504642064,173.27676005613367,19.10120203726322,endurance,Beginner
41,62.168103255010635,182.2258191072396,18.721808348629132,flexibility,Beginner
32,110.81408478922222,158.76414167963347,43.96328381189554,weight_loss,Beginner
63,102.46828555480168,188.22738731337478,28.921701652608554,weight_loss,Beginner
37,118.83772791416538,168.28911635597754,41.96065701554651,endurance,Beginner
19,76.0640949255077,193.6675405746672,20.27991018381863,weight_loss,Intermediate
59,113.55666915652962,160.44414784212537,44.11282625926257,endurance,Beginner
39,81.45548654672854,161.9963978465745,31.039136212823006,endurance,Beginner
27,61.554945094598054,166.3210871416331,22.251962437348435,muscle_gain,Advanced
32,101.04958953147575,162.13024178696975,38.44204590539395,muscle_gain,Beginner
58,88.58069079910979,156.18718800434726,36.31183956786731,weight_loss,Beginner
34,107.32767362199841,154.64146103587416,44.880721242827,weight_loss,Beginner
56,64.49094592457543,151.61484502498865,28.055324373058593,weight_loss,Beginner
65,100.87539829383303,177.61472564191916,31.97623476855232,flexibility,Beginner
39,66.39484756916399,150.9519310081094,29.137818397569085,muscle_gain,Intermediate
55,95.595731388719,189.4107308391083,26.645835392819215,flexibility,Beginner
18,69.81828527386274,152.1639286729452,30.154057115309087,weight_loss,Beginner
28,68.86945925767664,177.87720770066852,21.76637296069929,flexibility,Advanced
63,85.85602767123606,153.80228376795236,36.29486810295439,weight_loss,Beginner
23,66.34492314140198,156.36915462180352,27.133481319214248,weight_loss,Advanced
36,54.24712592933895,185.09636561492675,15.83364672574689,endurance,Intermediate
47,97.60701044940697,160.35534658754437,37.95894396045955,weight_loss,Beginner
58,74.02890447779845,161.96954359879504,28.21854426313288,flexibility,Beginner
39,105.97864223299814,185.35321948407736,30.847365789809455,muscle_gain,Beginner
39,90.38094964841915,158.3265483938098,36.05532480015247,endurance,Beginner
59,117.43593570317059,181.43293787288945,35.675391399750545,endurance,Beginner
49,112.86532334629331,179.600082319705,34.99028398999322,endurance,Beginner
24,67.64143545255801,182.99322730650042,20.19960059979643,flexibility,Advanced
31,84.6718242595714,155.89986019795256,34.83753879059525,flexibility,Beginner
60,97.33269179368611,178.0366680260241,30.707171785144496,muscle_gain,Beginner
41,76.36786539375422,187.82909448357336,21.646362244725502,endurance,Intermediate
26,98.91743498286235,181.2210429933376,30.12004351716173,endurance,Beginner
36,100.44368145323374,189.9683563151562,27.833004637583887,endurance,Beginner
32,116.7541202052609,162.2969704175745,44.325269993425515,endurance,Beginner
54,67.65988512594356,153.20948176631723,28.824379627129872,muscle_gain,Beginner
55,75.32709655673456,167.29871714263487,26.91324138170133,flexibility,Beginner
45,114.01417005919787,163.4413566843245,42.68103211767407,weight_loss,Beginner
37,106.82286529929885,189.89885755967603,29.622350669243698,weight_loss,Intermediate
45,75.17723413326823,179.23513163124002,23.401304361563415,endurance,Advanced
49,91.82951239052493,194.92562091431623,24.168206647069216,muscle_gain,Beginner
41,79.78487561331558,185.91610082525364,23.082697885110683,flexibility,Intermediate
43,95.09029323954316,176.65714239973275,30.470093341206283,muscle_gain,Beginner
22,59.00079299787089,188.86216962302544,16.54123378623158,flexibility,Advanced
42,98.55269119759876,194.72063791384136,25.992288621824883,muscle_gain,Intermediate
59,72.41447424865949,183.96422927550935,21.397282045699097,muscle_gain,Beginner
21,118.00125885995848,154.77008717073423,49.26206195311519,weight_loss,Beginner
47,94.79116724632324,153.0070453368034,40.48974239431601,endurance,Beginner
39,114.99648918890362,175.40373131603116,37.377213920764916,muscle_gain,Beginner
48,60.127247678975436,163.41310123059222,22.516328720972517,muscle_gain,Advanced
42,119.64444043545578,192.82664971513458,32.17795289846845,muscle_gain,Beginner
51,94.39741573200408,168.08456442353838,33.41215126617472,weight_loss,Beginner
60,68.7910343383615,165.81125634287875,25.020951417608003,endurance,Beginner
53,102.77362850505804,194.59992488350173,27.139156994053735,flexibility,Beginner
44,84.43848953222988,183.8668297996655,24.976620761006384,endurance,Advanced
34,114.92115882714236,199.7967747871528,28.78876601304016,muscle_gain,Intermediate
64,52.274969578641354,165.305925693446,19.130086989868715,muscle_gain,Beginner
32,100.86788211199249,155.12174713931145,41.918673108855145,muscle_gain,Beginner
44,71.07087523528399,159.3605204911648,27.98531403771041,endurance,Intermediate
60,89.97736337026244,195.7594177790788,23.4794507541833,flexibility,Beginner
29,75.3921659137594,155.08005328118108,31.348324745132793,muscle_gain,Beginner
22,110.4813506785006,182.3226240991836,33.23593104989621,flexibility,Beginner
37,111.29921080751458,155.1986606725706,46.20789096007478,flexibility,Beginner
36,116.9849941830177,170.70324537667784,40.14639949897667,endurance,Beginner
40,68.31161286869818,185.12485698629834,19.932651207329343,muscle_gain,Beginner
57,82.41643648056639,193.16037511509694,22.089086319706063,flexibility,Beginner
48,75.75666654164654,158.8361520767452,30.027705075414236,flexibility,Beginner
24,57.803345797045914,153.01197657225757,24.68892194027525,endurance,Intermediate
42,56.841347408399436,176.98714471257117,18.146000491289946,endurance,Intermediate
26,54.01863769499191,176.1012986411206,17.418811129274726,endurance,Intermediate
32,83.21613715092877,188.98431343761476,23.300006260814975,muscle_gain,Advanced
24,78.91367178019217,175.86581921531427,25.514635731436563,endurance,Beginner
35,62.199429048791444,156.59093280158504,25.36606936949158,muscle_gain,Intermediate
59,58.78768364019186,186.93378051062567,16.823283753456423,endurance,Beginner
36,104.49881741795299,185.0444120710439,30.518235912392615,endurance,Beginner
21,73.77679684121094,157.85910268643596,29.606054612889114,weight_loss,Advanced
19,92.88341609166955,186.24988204495222,26.77602882488719,endurance,Advanced
43,78.18439969950322,159.2974792778498,30.810752037741103,endurance,Beginner
57,110.5905110454256,185.91620854720443,31.99509152130912,endurance,Beginner
52,80.90157037575685,162.2696894974595,30.724310219415127,weight_loss,Beginner
47,112.86306203510522,187.72332061081318,32.026934616897414,endurance,Beginner
38,110.64053685975642,158.41023151548052,44.09078356882417,endurance,Beginner
63,102.39716264403779,166.22021309209484,37.061266234398886,endurance,Beginner
47,78.91343378681412,167.53941493462594,28.113631782984754,endurance,Intermediate
52,77.49438351820487,164.20991876673475,28.738986953003483,weight_loss,Beginner
21,113.13100010105634,156.78271146482155,46.02409784490218,flexibility,Beginner
25,102.61111119460332,198.5810938431307,26.020677105894467,muscle_gain,Beginner
28,77.40971402080967,179.2767060141845,24.085060138910585,endurance,Intermediate
48,117.31039640718136,178.26668504115852,36.91442645070296,muscle_gain,Beginner
63,74.35373720548853,180.09390730536745,22.924758057996073,endurance,Beginner
18,103.4107923361897,155.32708142531476,42.86190819358193,muscle_gain,Beginner
63,90.37256298670022,192.2032952605175,24.463294337428557,weight_loss,Beginner
61,63.87861834414351,191.21777930324146,17.470244117919425,endurance,Beginner
23,52.6711482645802,164.70830702148132,19.41519602960974,endurance,Intermediate
43,88.71604007150103,189.27760167330604,24.763025200193724,endurance,Intermediate
31,67.3663501290872,174.19553393753102,22.200818463292098,flexibility,Advanced
41,56.90686995505719,173.22934750520375,18.96364250991911,weight_loss,Beginner
36,107.74884386508944,186.44352457187344,30.996882015429843,endurance,Beginner
42,90.44063558450702,173.55783504825308,30.024456701689978,muscle_gain,Beginner
25,115.97644228528132,155.68609787154082,47.848696915622426,endurance,Beginner
56,72.43297738901876,180.97028472967736,22.116774912649056,endurance,Beginner
29,59.51982024501299,182.81289832047585,17.80934482803187,weight_loss,Beginner
52,63.00782671146577,185.86058561471333,18.239792677977665,endurance,Beginner
53,113.32591803831716,165.07001715312109,41.590376615869154,endurance,Beginner
32,70.85024652404195,163.15543088731317,26.61572475345072,flexibility,Advanced
25,94.53189888003153,159.606498117131,37.10882846758635,endurance,Beginner
42,79.25000761266985,168.40347399884155,27.944556404209173,muscle_gain,Beginner
32,71.1183893465277,160.23491648594876,27.699223574129956,muscle_gain,Beginner
38,94.63510993448533,161.00539361162532,36.506604517381916,flexibility,Beginner
18,90.54980416047489,150.32694751563685,40.06949209428346,endurance,Beginner
48,74.84911461852239,156.00902012397358,30.752983079325322,muscle_gain,Beginner
27,86.96511307363835,197.91755122036085,22.201199946600315,endurance,Advanced
31,58.550568712986305,156.90657198741965,23.78202598370014,endurance,Advanced
42,91.74726089555003,191.8913438968158,24.91623041949032,endurance,Intermediate
37,114.30911553088437,196.39288283958416,29.636667932337886,weight_loss,Beginner
45,94.97316587365577,185.30209636555844,27.65924046067614,flexibility,Intermediate
55,86.94042978038185,150.9255220692624,38.16773683676634,flexibility,Beginner
33,69.87479540461227,193.46718274852316,18.668349982815712,weight_loss,Intermediate
23,114.38764931736127,199.04329529608873,28.872476002588645,flexibility,Beginner
33,88.58284149658415,159.9624657098304,34.618913008527834,endurance,Beginner
41,68.25928945568845,169.66222557366018,23.71326987392675,endurance,Beginner
30,67.91091774672208,178.00373735729312,21.432920738670337,weight_loss,Advanced
34,116.50008251157237,160.12478049095344,45.43694653967863,muscle_gain,Beginner
36,91.99942874734643,188.3776165296332,25.925463851984134,weight_loss,Beginner
40,81.45518225973726,163.23756123297898,30.56880940775951,weight_loss,Beginner
30,105.28020393256992,192.55172306634276,28.395655520064373,flexibility,Beginner
34,97.42884606074301,199.54167148125362,24.469232482720358,flexibility,Intermediate
62,70.3079001236703,158.89137249551175,27.848608137061895,muscle_gain,Beginner
45,90.47334540287669,179.0434391554608,28.223042292669703,weight_loss,Advanced
21,79.63074563058433,162.03891544339666,30.32788515825012,endurance,Beginner
38,72.36450170948183,170.28531591602643,24.955781653502754,endurance,Intermediate
31,71.18321418426748,196.10521901133023,18.509696187094246,flexibility,Advanced
26,104.69747663868782,199.40601248303935,26.330537013408204,weight_loss,Intermediate
36,76.04074813775038,174.2720269615157,25.037503098996815,weight_loss,Beginner
60,76.69004579057986,161.95970649917032,29.23647673366441,flexibility,Beginner
44,93.45600059120244,164.40062260885156,34.57803230868876,muscle_gain,Beginner
46,57.05107195963741,163.40275559579663,21.367074130453922,weight_loss,Intermediate
41,56.5328767108051,178.5242841294173,17.738074918569648,flexibility,Intermediate
35,51.528186388314396,197.00259306255668,13.277031077689244,endurance,Advanced
19,65.26182334765377,176.24286843034494,21.010485998502457,flexibility,Advanced
18,102.54057125003882,176.73883608352446,32.827042038942494,flexibility,Beginner
37,87.56261639547142,178.2325133719384,27.564166660667606,flexibility,Advanced
61,109.2350816705451,157.07154246258946,44.27587172500688,muscle_gain,Beginner
38,110.6516898279786,157.76991263513585,44.45388079596182,endurance,Beginner
31,74.65730494939878,182.59721754007163,22.391541749499357,endurance,Advanced
34,102.40397897286914,154.21048543486404,43.06148704052899,weight_loss,Beginner
47,118.352309991565,164.57048812649066,43.69913337643615,weight_loss,Beginner
37,70.90076333776504,194.04176253141344,18.83044092532701,flexibility,Advanced
55,118.83369226723595,197.44446138046695,30.48243665737258,muscle_gain,Beginner
52,75.55811787382166,172.19534801241707,25.482281106426143,weight_loss,Beginner
22,71.65676348937562,179.2881722713792,22.292250200512584,endurance,Intermediate
34,54.450961637299635,172.7069139551815,18.255179435615098,flexibility,Intermediate
55,81.91982233285074,182.25006421934484,24.663438342403985,flexibility,Beginner
45,82.69599822938845,157.9753538026013,33.13643788324891,flexibility,Beginner
46,84.3897785261309,155.5550415354466,34.87559814272464,endurance,Beginner
40,106.15229008678227,175.70979952917318,34.38249602015985,flexibility,Beginner
22,73.11059650891559,168.5976686629518,25.720369142227916,flexibility,Beginner
40,74.5319824490793,198.24402931931357,18.964545574629458,flexibility,Advanced
65,101.63957452400885,168.906785712818,35.626129610784794,weight_loss,Beginner
26,96.07836291043512,176.54622191060068,30.825401237183954,muscle_gain,Beginner
51,83.66219304324648,152.12571471076365,36.15130517766124,muscle_gain,Beginner
65,117.48230450709747,173.44956909569441,39.05044672662564,endurance,Beginner
49,76.60563081265462,197.9712229889346,19.545939994334955,muscle_gain,Beginner
28,119.57405854229246,158.55076988848043,47.566397381515365,muscle_gain,Beginner
51,91.13836868550813,195.63767023582437,23.812022597912815,weight_loss,Beginner
43,77.40936901863165,179.29909166414538,24.078939115987314,muscle_gain,Intermediate
45,92.91971414248795,157.34772835597047,37.5307212323306,endurance,Beginner
52,115.86767102771543,157.82066437757564,46.51944695757743,weight_loss,Beginner
29,79.53246802508218,168.37654105089447,28.05312793910105,endurance,Advanced
57,78.5837451746751,185.72842382499488,22.78116746030261,endurance,Beginner
25,50.94268148106927,168.25336904670414,17.995099941780598,muscle_gain,Beginner
21,50.575962073281424,162.51847544844736,19.14867259057032,muscle_gain,Beginner
46,81.47568022967461,161.09890239109666,31.39372372960447,flexibility,Beginner
43,107.92759957225303,199.50090116767214,27.117072011509304,endurance,Advanced
21,57.090974277011824,196.0084742134091,14.859964038745208,endurance,Intermediate
28,93.10087828610912,195.70264389294215,24.308624900023545,endurance,Intermediate
24,85.57672904172233,159.6189344205466,33.58821064629897,weight_loss,Beginner
63,84.17060552552714,194.36081845795397,22.281427593345693,flexibility,Beginner
52,88.48531455009476,191.535255271759,24.119802613599777,muscle_gain,Beginner
59,96.11849167413854,152.79615299759158,41.170117558247085,flexibility,Beginner
20,113.22510401645968,169.9329792873608,39.20914617710303,muscle_gain,Beginner
19,117.51156108915023,177.01391677089822,37.502979470009045,endurance,Beginner
58,73.24771944794765,168.59952958960952,25.76804026536813,endurance,Beginner
23,71.74501848439556,180.97588783804957,21.905356224111713,endurance,Intermediate
29,100.75155012386438,199.18075187287468,25.39551368512348,muscle_gain,Beginner
34,94.16810207116777,194.60455886387544,24.865534409345262,flexibility,Intermediate
22,75.97214782468987,180.9389180842598,23.20547306391484,flexibility,Advanced
56,85.39831744472008,159.42757060918856,33.59869872758615,weight_loss,Beginner
41,79.29708344808716,174.51957087537272,26.03568097720371,endurance,Intermediate
57,101.01490385626616,188.91177221376157,28.305277067876695,weight_loss,Beginner
56,113.35289230324754,193.8859637950418,30.153648386285106,weight_loss,Beginner
39,78.32104162739186,163.0744748792567,29.451436150400827,endurance,Advanced
51,75.72992865558042,158.71910526619266,30.061395297749673,endurance,Beginner
62,68.58971024690993,153.94198420426156,28.943084209752186,muscle_gain,Beginner
56,99.47831503164876,180.17872387997917,30.64230331637838,muscle_gain,Beginner
27,90.81709559681332,181.31585519650298,27.624602865987175,weight_loss,Advanced
56,60.89185880496423,182.77535125389522,18.2273686489672,flexibility,Beginner
55,78.09758645607394,170.67644667595482,26.809605732417378,flexibility,Beginner
49,72.20259186782553,192.14354787002026,19.55695230822119,flexibility,Beginner
35,57.328159076734686,197.2186383064871,14.739137967273326,flexibility,Intermediate
40,105.65222280733013,156.06214700132597,43.379394311193415,endurance,Beginner
47,86.26367060651515,175.5223735472894,28.000318254781156,flexibility,Beginner
19,79.2001012183389,178.12395745128177,24.962096955277463,weight_loss,Advanced
23,104.21137321215215,156.3996010725818,42.603358508961975,muscle_gain,Beginner
34,66.68202589930061,177.06300355046093,21.269296816861257,weight_loss,Intermediate
21,76.26615932394762,167.18307182177531,27.286464945126585,weight_loss,Beginner
55,115.18275538820419,195.99954856370263,29.98315440924984,endurance,Beginner
44,77.86454986898732,191.23397657772648,21.291667006099228,weight_loss,Beginner
59,88.47139257428785,175.42641683946573,28.748346960171673,flexibility,Beginner
62,86.11174441234436,172.82175514606752,28.831388896183288,flexibility,Beginner
51,54.9453946840228,154.56417850843124,22.999245940177904,weight_loss,Beginner
55,92.82347732233538,158.13571907797947,37.11913766052452,endurance,Beginner
38,63.06476614775751,154.75865627503404,26.331578177217406,flexibility,Advanced
54,104.52634115488328,154.2620732228406,43.92456011923645,muscle_gain,Beginner
40,51.46858513801312,173.47901002147643,17.102057389927054,weight_loss,Beginner
54,119.16741596263029,181.4601970335851,36.190515223168624,endurance,Beginner
22,110.86773374869773,188.1510962653487,31.31783012116331,muscle_gain,Beginner
51,89.03079851031443,169.47236910062574,30.998627638238812,flexibility,Beginner
62,58.799547807858225,155.19991120131093,24.41130794526979,weight_loss,Beginner
21,70.40572929355139,187.78400156661297,19.9659887788485,weight_loss,Beginner
40,97.27832770046035,164.67426388754328,35.87274699656769,muscle_gain,Beginner
20,114.82763192422485,195.91541515136285,29.916390325769303,endurance,Intermediate
53,114.79497948321014,190.17426959628008,31.740910529416396,weight_loss,Beginner
59,93.13206102724233,164.78068265998064,34.29940755044802,flexibility,Beginner
56,98.39058157260992,175.64139079686697,31.893324593469714,endurance,Beginner
51,70.21022064203311,174.55013420856065,23.044111276602145,muscle_gain,Beginner
30,53.389460364493594,199.53007303219098,13.410309717531117,weight_loss,Intermediate
59,68.06177892723105,178.33126119622588,21.401703056470232,endurance,Beginner
48,84.52679618455505,190.2760972778266,23.3467234004542,endurance,Advanced
62,81.79899653917921,154.7217601174407,34.170015942392716,weight_loss,Beginner
49,54.99733121601271,177.51809873394865,17.452447485371476,muscle_gain,Beginner
31,94.06830986716719,191.69871178770399,25.59793619521819,weight_loss,Advanced
42,72.13343413604372,197.81898099855528,18.433197988587786,muscle_gain,Beginner
40,88.77962382948101,196.203124261026,23.06223872036856,flexibility,Beginner
29,118.41066826243673,182.0379622622445,35.73278788949236,flexibility,Beginner
37,103.07505602960424,157.94120365882304,41.320226427690734,endurance,Beginner
55,106.31402057810621,158.699662246507,42.212253508032354,muscle_gain,Beginner
61,82.81148714781175,195.09285803984648,21.75744236755897,flexibility,Beginner
46,119.07436732894824,189.19579536749137,33.26559697675488,weight_loss,Beginner
29,108.38019237932741,166.06025081446575,39.30235177636021,endurance,Beginner
19,118.21997267484183,191.03212577692892,32.395003983172316,weight_loss,Beginner
50,61.09077779223311,190.57072060172746,16.821445086098354,weight_loss,Beginner
62,89.91787207414214,164.36925922813083,33.28164814242483,flexibility,Beginner
22,109.55738313693803,157.50880555686385,44.16029582490475,endurance,Beginner
24,62.70189442145325,182.09610897556652,18.909468874071617,weight_loss,Advanced
36,112.67022697568535,181.5121402741981,34.197772097737655,muscle_gain,Beginner
27,98.93080807289493,194.59431081497075,26.125901093622506,muscle_gain,Beginner
63,119.84939377645607,191.1375126245371,32.80529757858182,endurance,Beginner
65,55.697549446738996,157.9206587002531,22.333572258705857,weight_loss,Beginner
56,103.9738692335968,194.11216663164495,27.594256167320474,endurance,Beginner
29,111.06313806895614,165.48043784740202,40.55800809456586,flexibility,Beginner
30,82.16991590700644,191.01197448878546,22.521206603581795,muscle_gain,Intermediate
25,89.65754376754066,175.19025525137516,29.212380316961276,weight_loss,Advanced
24,115.97443151444797,191.30042865657487,31.69059301121156,muscle_gain,Beginner
44,76.19870220822402,176.07370766311072,24.578680020120483,weight_loss,Beginner
35,118.78560357359913,181.26292236677156,36.15312591344504,weight_loss,Beginner
37,78.39201730608403,157.1954435236995,31.724291644461154,weight_loss,Beginner
30,105.86973217912055,190.37594776530818,29.211082921904097,weight_loss,Beginner
20,110.9545151255918,197.97246915023308,28.309707385925716,weight_loss,Advanced
57,67.53756559345103,154.45792379852034,28.30903182844018,weight_loss,Beginner
63,67.45049533288552,171.30004333902158,22.986359657852198,weight_loss,Beginner
44,97.77520287029506,166.75120118244698,35.1633937416477,muscle_gain,Beginner
41,80.77951562714841,180.76187920377117,24.722224704215,muscle_gain,Beginner
51,70.62948137926675,196.29014253469086,18.331121525115414,muscle_gain,Beginner
36,114.68939653083137,188.5739513475444,32.25223867170049,weight_loss,Beginner
64,110.99680709854121,191.61089195350186,30.232224303970277,flexibility,Beginner
50,58.75826653506,174.09690891597052,19.385939555947328,endurance,Beginner
60,107.53609989143855,199.10731896149008,27.125629931416395,muscle_gain,Beginner
20,113.2685203821429,154.75901961430765,47.293046133420546,weight_loss,Beginner
32,57.70405024624886,152.9124568689243,24.67860261551286,endurance,Intermediate
48,118.60639204065558,171.88546928706947,40.14484326128454,muscle_gain,Beginner
18,81.24521869787014,165.62057830217216,29.618919989721988,muscle_gain,Advanced
37,106.86095810175128,198.2305875803853,27.19429016209259,weight_loss,Advanced
51,53.76786331048707,159.00725173564462,21.266152095856295,muscle_gain,Beginner
53,71.57273949506764,198.8683237327503,18.09740953261808,muscle_gain,Beginner
31,101.1338508280513,199.4349689098253,25.426929820651583,flexibility,Beginner
21,70.53245794860078,197.2792539679006,18.122837017264725,endurance,Intermediate
24,76.19610005527494,170.4531197677722,26.22544309125985,weight_loss,Beginner
61,77.00594622843343,170.11186478391477,26.61062353372632,muscle_gain,Beginner
30,104.56634184085402,154.00919020712217,44.085791286840625,muscle_gain,Beginner
63,78.79061510861267,175.82021760709705,25.488064912644532,flexibility,Beginner
24,60.18761772614283,162.5680954719276,22.773853268309622,weight_loss,Advanced
30,105.39234773742578,161.07494528145327,40.621232289415154,endurance,Beginner
59,55.841909655919146,172.28466312684773,18.81338857536914,weight_loss,Beginner
38,70.28921014197786,155.97946803063513,28.890415865644858,flexibility,Advanced
47,115.38924205798287,167.64137984878033,41.05847994395203,weight_loss,Beginner
21,117.50292025820693,192.25933182790237,31.7887757601714,weight_loss,Beginner
63,104.60750583055056,178.60713043957554,32.791800358134495,muscle_gain,Beginner
46,76.78791816723597,182.48872407134377,23.05795695090022,endurance,Advanced
37,115.3254600011653,187.03251856054715,32.96787473993582,flexibility,Beginner
32,95.0279766879124,166.33944543932938,34.344799389224036,flexibility,Beginner
63,54.960878219240904,161.06786929947683,21.18535942191708,endurance,Beginner
45,112.9440480911926,169.67053838937568,39.232905630196825,flexibility,Beginner
46,115.84003069117718,162.19087965436736,44.03579136548915,flexibility,Beginner
59,110.60126733830882,172.14552867902916,37.32231807996545,weight_loss,Beginner
25,83.33270308822281,170.57182213195017,28.641838509477008,flexibility,Advanced
63,112.63549675209917,174.4396513590565,37.01560556617995,endurance,Beginner
55,113.9113335821587,163.91963655423325,42.39405621163583,flexibility,Beginner
34,101.93503212066229,183.4378393360131,30.29323203995929,flexibility,Beginner
48,53.724899703620785,154.6718927596401,22.457055542879598,weight_loss,Intermediate
43,86.95410050296509,168.95888060941283,30.459868196475117,weight_loss,Beginner
45,93.74973118667637,158.1579736187275,37.47898726648006,muscle_gain,Beginner
62,58.32726149619882,156.71483486416346,23.74933030635785,flexibility,Beginner
18,100.23523412397157,165.39353114767266,36.642354343312256,flexibility,Beginner
59,69.1219033486067,168.63816651806096,24.305465596149425,endurance,Beginner
30,70.71348234843829,194.80474292059992,18.633874753111673,endurance,Intermediate
29,102.1574121809026,193.78575749823244,27.203587018012353,flexibility,Advanced
57,109.14918705835659,199.8846005211846,27.318813437771798,flexibility,Beginner
40,74.40365598685656,191.6327201132602,20.260723404618957,weight_loss,Advanced
38,60.40809496270049,174.7598442624971,19.779342097269474,flexibility,Advanced
57,67.64995992438836,156.42455293120815,27.64761663252251,muscle_gain,Beginner
54,103.23024670048616,165.95044709307945,37.48436098734549,weight_loss,Beginner
19,81.65230470157925,181.19706102682426,24.869448186035967,flexibility,Advanced
24,62.522864671375864,178.44071652198102,19.63590631495411,weight_loss,Advanced
33,107.33319814908634,187.92576273163394,30.39215019674054,weight_loss,Beginner
60,74.69522667385338,187.6334002419348,21.216441877302458,muscle_gain,Beginner
45,87.84200250331847,176.9601709155863,28.051182229319945,endurance,Beginner
51,75.64281824126353,159.16668964255382,29.858180099324024,weight_loss,Beginner
25,95.67837029347905,157.9003864758667,38.37491118213215,muscle_gain,Beginner
22,100.66625957733123,171.22658837875997,34.33535363409222,muscle_gain,Beginner
62,95.2766688180507,183.48966365764187,28.29849605349612,muscle_gain,Beginner
62,86.64166357230769,179.01407993072465,27.036620241699254,muscle_gain,Beginner
54,102.85345212103957,198.4346470162914,26.120643192977944,flexibility,Beginner
36,93.1538216029366,169.4896810439518,32.42755103903072,muscle_gain,Beginner
31,102.8261833592963,156.81587005734173,41.81419038084046,weight_loss,Beginner
56,118.372109399116,161.25555952091207,45.52185947945703,flexibility,Beginner
33,54.52164970171095,194.72732815564729,14.378552855169994,muscle_gain,Beginner
65,70.79580449043465,194.2757355295305,18.75730315328519,endurance,Beginner
53,99.93026461157632,162.9700098140958,37.62544577349569,weight_loss,Beginner
48,96.88028966135238,160.6352386283299,37.545144753549046,weight_loss,Beginner
63,119.17848701486228,192.50812060544865,32.158794419529215,muscle_gain,Beginner
41,104.47380009840032,177.5810299793216,33.12945188609535,muscle_gain,Beginner
56,105.39016891573701,197.1403819518357,27.1174540726474,flexibility,Beginner
62,113.05993730133548,182.3553541079323,33.99943516192677,flexibility,Beginner
61,57.470057913196996,192.42498028767218,15.52096549034514,flexibility,Beginner
47,78.401758724179,177.2410787430984,24.9572676031089,endurance,Intermediate
60,79.80366880430708,194.93728244173514,21.000664786321707,endurance,Beginner
41,112.33941805155983,189.88839190465967,31.15554383865427,endurance,Beginner
50,107.10118889004555,167.46822130717038,38.18822533001934,flexibility,Beginner
64,72.79367191000676,151.2593685762991,31.816255139768696,flexibility,Beginner
56,106.63365755579628,183.43117302525854,31.691881192766314,muscle_gain,Beginner
33,74.62059977085721,184.16559478403406,22.000965270915618,muscle_gain,Intermediate
19,62.056634664727966,156.62520873540626,25.296759652531602,flexibility,Intermediate
27,87.1935500833001,198.92733629116657,22.034105559588284,flexibility,Intermediate
22,116.77755625527071,198.56684601965247,29.617330212306577,flexibility,Advanced
63,112.84164830976337,172.39634076049754,37.96761653921246,muscle_gain,Beginner
57,113.14564134147784,196.45945238138677,29.31513983897927,weight_loss,Beginner
42,86.51730614948225,161.49203122247474,33.174225652690986,weight_loss,Beginner
50,56.79294458380827,172.55615713803556,19.07363491799626,weight_loss,Advanced
61,94.3507849893422,186.58958662535247,27.100088721826747,muscle_gain,Beginner
44,90.59505008659094,154.51241175979555,37.947024405289994,muscle_gain,Beginner
31,118.10560651339983,157.19882082901154,47.793842293557994,flexibility,Beginner
39,52.68362889907396,193.96275841442628,14.003576829252605,weight_loss,Intermediate
53,97.52263115707258,162.7269642651569,36.82869793907723,flexibility,Beginner
21,71.00621656233771,183.86894851175808,21.002915625644427,flexibility,Advanced
51,71.05913605167414,164.7306919106699,26.186103362505186,weight_loss,Beginner
34,69.95291454696083,178.90601013241755,21.855258771213595,flexibility,Intermediate
24,111.68762705242989,184.1642451005971,32.93020463928023,weight_loss,Beginner
61,92.24923898100366,161.50581126672066,35.366044155171004,flexibility,Beginner
59,53.1426321096177,178.29870655976242,16.71655091830838,muscle_gain,Beginner
39,55.012302555121934,160.96804389046068,21.231490802519513,endurance,Advanced
45,104.20035496400772,159.23926717344563,41.093095539984986,muscle_gain,Beginner
64,88.18679469837723,197.71567390170148,22.55907868247503,endurance,Beginner
28,113.31631050586654,182.83478901744647,33.89805311728879,weight_loss,Beginner
23,104.1050100615114,170.88216322756475,35.65152930773781,muscle_gain,Beginner
61,78.86111213967914,194.76924449446642,20.788451381939907,flexibility,Beginner
28,64.35597966826327,181.8973013244286,19.450751893673523,endurance,Beginner
36,100.82556414633095,152.0392116263311,43.61736672446977,weight_loss,Beginner
56,107.76502826784187,197.48642095513512,27.631430473703816,endurance,Beginner
31,115.48080295914366,154.9300386317497,48.11035224110203,flexibility,Beginner
26,105.67118806563926,154.33210191847348,44.365363898071934,muscle_gain,Beginner
53,74.15073940953951,195.39621741127849,19.421518450432032,weight_loss,Beginner
59,65.696395002987,195.7126471387142,17.151565126820035,endurance,Beginner
51,105.44590809345088,174.73250422012808,34.536818557134495,muscle_gain,Beginner
65,66.00377027695993,197.24649885505573,16.964854440498723,weight_loss,Beginner
56,80.67068735800487,154.54882948888928,33.77414137961683,endurance,Beginner
29,118.67301359004861,178.09621048445848,37.414729838015255,flexibility,Beginner
19,93.05074944469585,192.8082498382688,25.030449594051017,endurance,Advanced
48,116.26080482602848,179.1833120223363,36.21080714542499,muscle_gain,Beginner
21,96.3245111829076,176.40266301190255,30.95469574613997,muscle_gain,Beginner
30,114.28243843818098,183.70819898042424,33.86276520393254,muscle_gain,Beginner
40,74.5563152818675,186.7470113310547,21.378494375644696,endurance,Intermediate
26,96.49975325783068,186.03050359209502,27.884180120961652,muscle_gain,Advanced
25,114.39252959171812,152.63901500096765,49.09831118696742,flexibility,Beginner
57,72.51215976429233,187.45429958094556,20.635739100906722,weight_loss,Beginner
55,97.1751418736497,167.2386483497826,34.744165546805945,weight_loss,Beginner
64,81.41676581560483,177.91671850779426,25.720554481610566,endurance,Beginner
43,112.79690065766155,182.76545173363345,33.768281397073665,endurance,Beginner
22,100.3773266696459,187.66929055918968,28.50028484164885,muscle_gain,Intermediate
43,81.51767679690663,153.69541292217673,34.508809885412944,endurance,Beginner
28,56.71032435864237,167.99009860389708,20.09531236146143,flexibility,Intermediate
53,59.465114027570806,183.30257084705593,17.69803884126178,flexibility,Beginner
19,99.49338082867712,165.76155865871993,36.20983493894489,weight_loss,Beginner
19,93.04208197412356,190.1516641729037,25.73233274569862,endurance,Advanced
49,91.85036974901422,183.18914557521862,27.37041830626219,endurance,Intermediate
62,62.52191755909731,150.1904894617678,27.717076734840575,flexibility,Beginner
21,96.03923437120616,174.79333766097704,31.433948599484783,endurance,Beginner
50,56.989180964382825,192.96988139606748,15.304295958436864,endurance,Intermediate
29,108.76734900930217,154.52929450397858,45.548795811775946,muscle_gain,Beginner
45,50.72358287711757,198.90368487411087,12.821069803544237,endurance,Beginner
38,63.04796628184702,192.4987468722733,17.014346336560585,muscle_gain,Beginner
21,104.3027798268708,165.93738162419857,37.879777319764976,muscle_gain,Beginner
51,78.16045013187629,186.26759964188676,22.5274697825617,flexibility,Beginner
38,106.7795783828742,192.2344942460715,28.89519055658355,endurance,Advanced
56,119.27002738287513,165.25909260950107,43.67174960850111,endurance,Beginner
46,72.77979162784773,161.4485070615559,27.921756866131048,endurance,Beginner
54,66.40052707618283,158.70581795073218,26.36245377829087,flexibility,Beginner
63,115.51189581525364,173.98361594400797,38.16014413236225,muscle_gain,Beginner
35,107.92317001720025,164.1100973853661,40.07228310748958,weight_loss,Beginner
63,80.06757907880491,150.43543971561954,35.37988181270462,flexibility,Beginner
43,91.65673658109864,150.4845130117739,40.47443322045524,muscle_gain,Beginner
63,108.52455936991072,185.84453355989268,31.42161106723941,weight_loss,Beginner
30,80.60809965608163,168.17075130163624,28.50215870313027,flexibility,Advanced
42,97.39588636021021,184.13997167691326,28.72397038258792,endurance,Intermediate
51,106.88503774451085,180.87501616741469,32.67079849572987,endurance,Beginner
23,86.24590962761879,175.7873276306524,27.91022767190155,flexibility,Intermediate
25,70.2454773679369,177.1216658910713,22.391077425913007,weight_loss,Intermediate
50,76.37847957759163,182.31622880837276,22.97842993616682,flexibility,Advanced
33,53.47315511560407,199.84058024496585,13.389625980519927,flexibility,Advanced
62,60.71994930497215,193.96960417379304,16.138532501395996,muscle_gain,Beginner
44,81.60557424577352,151.19585849487214,35.69768349274376,muscle_gain,Beginner
50,111.10127860712588,184.82543382075878,32.523373644181945,muscle_gain,Beginner
44,87.91261774203485,167.3158885575798,31.403412490060166,muscle_gain,Beginner
40,78.31711254982059,166.89600152614088,28.116729527106312,weight_loss,Advanced
42,117.36023779409254,174.73117988200784,38.439715239140206,muscle_gain,Beginner
36,106.41318255274525,153.64621848413825,45.076654923388304,flexibility,Beginner
32,101.6677363257086,172.52346728546922,34.15755673428432,endurance,Beginner
23,99.53922494155722,173.3837186746517,33.11140643535458,muscle_gain,Beginner
24,112.25103507061539,156.80908147714825,45.65075163289536,endurance,Beginner
62,119.77641812457861,195.1536870784326,31.449793607383697,flexibility,Beginner
51,115.59306167308722,191.21576666103124,31.61435813052206,weight_loss,Beginner
55,92.10719653234165,164.49432330032533,34.040171055842904,muscle_gain,Beginner
40,69.0064515895013,188.608695025586,19.398416309934685,flexibility,Intermediate
49,71.87484950733642,156.20300067482444,29.457657165036387,weight_loss,Advanced
25,74.92790692699059,185.70027036221273,21.727938778015982,muscle_gain,Intermediate
24,95.06368256797184,172.11101445618752,32.092038540416176,muscle_gain,Beginner
28,83.05004130565524,159.99682428630666,32.442710231729876,muscle_gain,Beginner
50,59.36678205723193,171.4336723638168,20.199994534286823,endurance,Beginner
56,68.48494610780725,174.44138834333143,22.505882616027026,endurance,Beginner
60,68.46412214760487,178.86331739245455,21.400330533969573,muscle_gain,Beginner
61,58.972440919824336,166.33763495147525,21.314152044840558,flexibility,Beginner
58,53.60327571328528,150.19402376785484,23.762166004739424,endurance,Beginner
58,86.96091199181994,160.34362763182122,33.82366590752116,weight_loss,Beginner
63,69.66908850492483,159.9027305371523,27.247607128324464,muscle_gain,Beginner
60,88.78859623431737,173.13271747997783,29.620944217826576,flexibility,Beginner
33,119.30623590292254,153.7471796416895,50.471804066411465,endurance,Beginner
39,86.2148378831314,183.33244628540945,25.650943789204643,flexibility,Advanced
34,59.16369983816583,180.9339987083029,18.072363878504326,flexibility,Intermediate
21,64.26369418694219,167.51563616044342,22.9010284011098,muscle_gain,Intermediate
18,98.59964887896732,166.7706007201309,35.451644212889356,muscle_gain,Beginner
38,80.4779652043486,194.7056119269204,21.22853620393782,muscle_gain,Advanced
43,54.81276730468346,165.8588860569365,19.92527115038943,muscle_gain,Beginner
22,104.8353176718064,167.61277335782685,37.31585453077764,flexibility,Beginner
64,89.09953392178002,151.21541410905616,38.9657738820854,weight_loss,Beginner
38,63.27219203644586,196.8089878016172,16.335146176547,muscle_gain,Beginner
21,74.77021359013338,174.85591560383682,24.455016601227143,weight_loss,Intermediate
57,58.77362795480793,174.53890041552236,19.292922879290074,muscle_gain,Beginner
46,59.286995963621884,158.19879927515927,23.689346464333894,weight_loss,Beginner
21,117.1192853611401,151.65536075437666,50.92287098413479,flexibility,Beginner
29,75.70352806395238,162.0699751760874,28.821128948270957,muscle_gain,Intermediate
28,113.79231271083646,194.34129851960034,30.12886168646838,weight_loss,Beginner
41,79.16970753072158,189.42653284213168,22.063653072372297,flexibility,Intermediate
56,90.06081502968958,165.57496114957868,32.85084531584833,flexibility,Beginner
28,94.47606673556395,174.40592589573583,31.059848281788227,flexibility,Beginner
62,64.06657870770692,167.22579029782062,22.90999625542377,weight_loss,Beginner
53,59.30535514508291,198.57318632333974,15.040168499059579,muscle_gain,Beginner
43,118.51602721903416,178.78133189452927,37.07940429315415,muscle_gain,Beginner
45,108.7325979407633,165.54916675460922,39.67397966023546,muscle_gain,Beginner
48,84.22220077338653,189.02714719438717,23.57101181762326,weight_loss,Intermediate
60,84.4214166765068,189.7115256926181,23.45660758017023,weight_loss,Beginner
18,89.6154446688808,195.34671292447538,23.4839230409462,flexibility,Advanced
48,87.65895074510082,183.80872381049562,25.945618527841326,endurance,Advanced
39,114.723361505059,154.47531983725472,48.07659015008232,muscle_gain,Beginner
37,79.6332255911623,159.56618048601786,31.276101106369826,flexibility,Beginner
31,71.80504858650869,158.4499177094231,28.600323431475495,muscle_gain,Beginner
59,64.49085467243926,183.73536141860993,19.10348653245118,weight_loss,Beginner
63,70.36232584839658,192.8631627856758,18.91653628093807,flexibility,Beginner
25,70.44056353366099,188.45265569526657,19.834364852966374,endurance,Beginner
48,108.0326375782538,195.92076489856606,28.144532818910886,flexibility,Intermediate
46,117.58987821868308,171.37761897704993,40.037018728809144,weight_loss,Beginner
47,57.555867568996526,197.587399209735,14.742499275809115,flexibility,Advanced
26,61.54289407081587,178.6802142069676,19.276358128943468,muscle_gain,Beginner
20,56.58136907782149,159.02706943958498,22.37336666326165,flexibility,Advanced
36,66.39126298464788,151.39793696828343,28.964832136887043,weight_loss,Intermediate
25,59.01349871395763,168.69578308563163,20.736855914380367,flexibility,Intermediate
61,75.0952286880053,164.8651733231128,27.628321252930178,weight_loss,Beginner
37,104.41107250968611,162.68992556121384,39.44802238511915,weight_loss,Beginner
19,103.84287480584258,189.23054980877245,28.99974641595209,weight_loss,Advanced
29,69.35540558210488,199.6394567053116,17.40153491154623,weight_loss,Intermediate
26,70.07798891000735,177.19699743182392,22.31870093781761,muscle_gain,Intermediate
58,80.08126371025676,156.6174384069334,32.647556705410686,weight_loss,Beginner
38,99.94572249710382,188.7018494312025,28.068027835669202,endurance,Beginner
25,80.5892027409609,183.15652437292238,24.023267216705502,endurance,Intermediate
38,59.78356085358344,159.47007705066255,23.508416199238305,weight_loss,Advanced
38,80.79828866884766,165.59807117603452,29.46399379794512,endurance,Intermediate
54,68.16808004550113,165.74680083164276,24.81365576503242,muscle_gain,Beginner
65,80.82023420144112,198.37210701419372,20.53803512041613,muscle_gain,Beginner
58,90.61716993740791,194.40780094917488,23.9763527277254,muscle_gain,Beginner
30,85.38666690762463,191.79033416637725,23.213286385457373,endurance,Intermediate
53,66.2841786358789,179.39448824483583,20.59641756350293,endurance,Beginner
60,73.26168258756745,189.63638624972816,20.371994364442887,weight_loss,Beginner
49,101.0388897585145,181.8771146855195,30.544460144133225,muscle_gain,Beginner
38,62.43051746099591,189.11633059015813,17.455764304056775,weight_loss,Intermediate
44,118.69048863333506,177.1758137382765,37.81003206092752,flexibility,Beginner
28,113.96934007794471,177.2316580306976,36.2831874730753,weight_loss,Beginner
18,60.01243398535495,159.29120742599264,23.65144246283964,endurance,Advanced
63,70.51099035055663,160.85935226927697,27.24985422499593,weight_loss,Beginner
40,95.82204313807307,158.49308359360043,38.145630422525116,flexibility,Beginner
38,112.02179990506599,194.3003133373707,29.672596059924338,muscle_gain,Beginner
35,77.31960501134829,196.29615050155007,20.06624271362119,flexibility,Advanced
60,94.2175224908342,154.83670452965973,39.29921189589125,weight_loss,Beginner
44,90.28367265046899,198.48056185002696,22.91781746967943,flexibility,Intermediate
33,71.14385623308004,169.06897955779178,24.889119842494075,weight_loss,Advanced
62,92.08828175499967,189.39906099809428,25.671351109068866,weight_loss,Beginner
61,66.27988472608766,171.44811239594782,22.54843104783021,flexibility,Beginner
25,52.69325216245917,195.58542731093152,13.774695812492098,weight_loss,Beginner
30,67.17417302748395,162.53310478225114,25.428378399241975,muscle_gain,Beginner
42,66.52185508463552,152.21461746325875,28.711218922318615,muscle_gain,Intermediate
42,51.42241979797214,155.14651621289286,21.363305618192317,flexibility,Beginner
27,113.16630680350738,176.8868063103409,36.16814717203933,weight_loss,Beginner
31,99.46191418932763,182.9857542596327,29.704500384505106,flexibility,Beginner
61,117.79572951909554,164.630168777522,43.462099257502246,weight_loss,Beginner
30,110.96752622788956,183.56719108246142,32.931065262277386,weight_loss,Beginner
28,110.71969478554087,163.8809469785048,41.225691615528746,muscle_gain,Beginner
39,110.31673788786178,152.30396517828856,47.55749716878404,weight_loss,Beginner
27,62.56865248990668,183.1604758145935,18.650620093633997,endurance,Intermediate
65,108.26617166132841,192.0705540372549,29.347506127103628,weight_loss,Beginner
40,50.73427703856522,198.8536378814114,12.830228620399058,flexibility,Intermediate
29,107.34735906568213,195.86797361781782,27.981081981486334,endurance,Advanced
46,97.5372541943812,157.69066692495497,39.22460199306366,flexibility,Beginner
19,100.54781680950558,193.357265211819,26.89376808035761,muscle_gain,Beginner
33,111.14591969992387,197.40302380198239,28.52239053987405,flexibility,Beginner
57,92.56540896713597,164.69012559920276,34.12821725231593,endurance,Beginner
26,106.3933671584648,192.8401788844464,28.610108340709843,flexibility,Intermediate
44,105.2801993019462,180.05595989297774,32.47369415203747,endurance,Beginner
53,109.49183366616415,180.92941162476566,33.44747880574713,flexibility,Beginner
51,58.89802189262781,159.744153225833,23.080795122900078,muscle_gain,Beginner
43,97.31027593427888,192.22231632776567,26.336077493493814,weight_loss,Advanced
26,95.97361842796062,174.8665996035239,31.386156726692956,muscle_gain,Beginner
43,66.93650173215161,157.87946161519974,26.854170243895084,flexibility,Beginner
44,114.98256492498743,180.45368371364546,35.31022526845745,endurance,Beginner
18,63.919343842726995,190.79146329751245,17.559592386446273,flexibility,Intermediate
37,106.49695268359562,159.33212086578192,41.9498591393808,flexibility,Beginner
39,83.15273236961156,192.0817740777871,22.537420516099232,muscle_gain,Intermediate
40,81.57415144983966,190.55440491761084,22.465421940889257,weight_loss,Beginner
39,104.53732159409469,194.65375124045894,27.58962601039704,flexibility,Beginner
21,81.93838507743624,163.59041084489706,30.617640115866347,flexibility,Beginner
40,69.53665091081771,197.67714261604746,17.795117515953518,muscle_gain,Beginner
35,86.46411103942006,161.44738180951381,33.172168887662025,endurance,Beginner
18,69.03365467255784,187.03509774399856,19.733978187578195,endurance,Advanced
19,102.40608069323888,192.56236658560312,27.61740797269444,endurance,Beginner
28,75.06959967968892,166.39029607130732,27.114906480849537,flexibility,Beginner
50,98.17762795024089,185.9964530772282,28.379400060538153,muscle_gain,Intermediate
57,111.77971399500707,180.09425996647906,34.46380719472956,flexibility,Beginner
35,107.19567391176011,159.81247322301138,41.9716375399544,endurance,Beginner
30,63.701909569974774,167.2791463475559,22.765062351699402,flexibility,Advanced
61,53.79690999916788,194.27839880290725,14.253066136507352,muscle_gain,Beginner
46,52.89526843484177,168.4886424293843,18.632690209154116,flexibility,Beginner
28,75.77735063165863,193.11099349591296,20.320080346715855,endurance,Advanced
54,60.94558239355018,177.38699489151003,19.368620001169305,muscle_gain,Beginner
34,99.78804547472102,158.41718981467895,39.7625205223032,endurance,Beginner
44,119.7188796546842,176.6373914644994,38.37049120440923,endurance,Beginner
29,79.43237772898969,153.66274242774824,33.640342075297795,weight_loss,Beginner
65,96.92751544827004,175.57191150455304,31.44394338517404,flexibility,Beginner
31,101.06259713997642,152.0351389380115,43.722250085247296,flexibility,Beginner
36,81.61461144980771,166.03548581670233,29.605069359725476,flexibility,Beginner
32,113.56786174403811,178.44772940394256,35.66427470948046,weight_loss,Beginner
46,111.54386478286668,170.0312960438605,38.5822861331163,endurance,Beginner
20,119.99251516484125,163.08534759616126,45.11534361628467,flexibility,Beginner
53,73.45365678301252,169.4925113802385,25.568920449147388,endurance,Beginner
65,60.32858427107737,173.13168042834957,20.126582841455914,muscle_gain,Beginner
34,93.27420461878759,185.35477919789355,27.149008756036046,weight_loss,Beginner
32,109.75708183588083,157.40067004619561,44.30159863420232,weight_loss,Beginner
46,97.11908404515012,162.1317368983148,36.946091993282955,flexibility,Beginner
37,64.19527118488796,193.64462085821873,17.11954283085109,muscle_gain,Beginner
27,75.91746589380081,171.19879457889812,25.902417438386202,muscle_gain,Intermediate
33,75.15090777398166,196.24302499001615,19.513976227143207,muscle_gain,Beginner
50,82.45253271412972,182.86278898324105,24.657743015130833,endurance,Advanced
26,51.86350087856388,177.0961450102249,16.53650070561064,weight_loss,Intermediate
33,74.76595973942892,170.19230861894212,25.812142479359625,endurance,Beginner
36,102.29427173248634,175.58149117962063,33.18133449749278,flexibility,Beginner
60,110.73213156361153,192.78840786034408,29.79283466973478,endurance,Beginner
60,88.66273788610548,161.36345322248505,34.0510712521485,muscle_gain,Beginner
31,101.41946991879061,165.34993210124958,37.094822260144426,muscle_gain,Beginner
62,84.48406304524869,191.62945233544957,23.0064852238405,flexibility,Beginner
54,90.44241567506714,173.88695662842775,29.91149642179346,endurance,Beginner
64,100.9431274613244,173.43297517804476,33.55933971702215,muscle_gain,Beginner
64,58.41100866881464,155.37469280347995,24.195474299349478,weight_loss,Beginner
59,67.1390381710221,187.56195235854634,19.084712671302356,weight_loss,Beginner
19,104.35781537349663,158.8581270367763,41.35291258036682,muscle_gain,Beginner
27,114.11597959031631,180.5560610220886,35.004374317214584,weight_loss,Beginner
26,102.14519328895703,161.95285169084946,38.94401604706227,muscle_gain,Beginner
19,89.33751881273011,165.31011242872134,32.69151475959989,endurance,Beginner
47,94.95869612062131,185.51522068558756,27.59152139143425,weight_loss,Beginner
19,114.9480481884813,158.50298726528098,45.753750335401286,muscle_gain,Beginner
35,106.18932006365452,151.99440570980124,45.96482729982742,muscle_gain,Beginner
32,98.00193862352089,155.67686883152663,40.437704181244285,muscle_gain,Beginner
35,101.27201215019211,190.15687823450625,28.0069206440222,endurance,Intermediate
48,61.779185982113496,194.26375387610213,16.370375014637325,flexibility,Beginner
48,81.51441001362168,188.12450741889347,23.032635669179562,endurance,Intermediate
42,74.53878841293539,158.77369785811962,29.568221976460592,weight_loss,Advanced
35,60.32110060642266,172.34672876843078,20.307813559565805,muscle_gain,Intermediate
59,86.21600573819484,161.52149650246687,33.04663466877063,weight_loss,Beginner
18,86.88078545029833,178.15578887957003,27.37309226839394,endurance,Intermediate
31,119.81214169424631,187.11908148198083,34.21879228300993,flexibility,Beginner
21,60.61677150834444,197.0809715821224,15.606424387981782,weight_loss,Intermediate
23,70.01274643686682,157.02027066949609,28.3965560022409,endurance,Advanced
52,74.88385523724905,191.35148093667527,20.451470476619562,weight_loss,Beginner
19,69.18109405883507,162.75673251508198,26.11617084617537,weight_loss,Advanced
42,98.40374956914809,180.9971027302882,30.037819341710392,flexibility,Beginner
43,105.20557623123423,183.86045623993527,31.121612611537486,muscle_gain,Beginner
49,73.94575240814544,164.34385095222794,27.378289646580576,weight_loss,Beginner
21,116.83033667283408,165.1592364508976,42.83017958514339,muscle_gain,Beginner
23,83.96852510593152,150.40904719452624,37.11663573347949,muscle_gain,Beginner
21,99.60510107191864,182.89832206590586,29.775710826754622,endurance,Advanced
26,59.00373881291645,160.24449272015434,22.97805722298349,muscle_gain,Advanced
58,111.23883786813323,192.37736256091867,30.057199250612385,endurance,Beginner
40,78.56301618557075,186.35328718705838,22.622678971668424,endurance,Intermediate
39,112.60105399167496,193.4258663814825,30.096317105260773,weight_loss,Beginner
20,55.69821021277531,160.93768667672163,21.504320838769956,muscle_gain,Advanced
28,95.69160248828436,159.72531712335632,37.50820745334822,weight_loss,Beginner
49,112.35726678604803,154.7113491528297,46.94148443269432,endurance,Beginner
59,104.14919795434972,184.24564348241825,30.680432281318616,weight_loss,Beginner
56,111.83477097572163,162.83680557543818,42.17661337003515,muscle_gain,Beginner
23,78.40997816875763,199.8661822824948,19.628752503373317,flexibility,Advanced
47,65.80850678867284,164.94973023905914,24.186822496765487,endurance,Intermediate
27,63.20481888912636,150.80728565913876,27.791087697454632,weight_loss,Intermediate
26,63.17461032790608,184.03097200573316,18.65351719717901,flexibility,Beginner
33,56.33679715086095,156.05531091332548,23.13316451358854,muscle_gain,Advanced
38,114.15262395372362,169.6722106587497,39.651941994535235,weight_loss,Beginner
30,110.37691201434924,154.55048983354715,46.21015955320504,weight_loss,Beginner
56,117.71653979419555,151.41311972930083,51.34645586149295,weight_loss,Beginner
48,116.91193470519715,164.39721869430323,43.2583465860531,endurance,Beginner
55,68.2301969345672,170.91510943299403,23.3569273535775,weight_loss,Beginner
33,96.1181650257086,186.23162173294998,27.713962233326523,endurance,Advanced
54,95.7353583001073,161.4689203682669,36.719307667824474,endurance,Beginner
43,117.44011305329865,158.08268549920658,46.994588431287674,weight_loss,Beginner
42,61.24731857737743,172.51753582711387,20.578825639128112,weight_loss,Intermediate
47,65.34895378425804,150.17965783149822,28.974531208879085,muscle_gain,Beginner
39,116.96535565015954,159.5110355809514,45.970134724482584,endurance,Beginner
33,67.41020682476761,156.03415832444585,27.687662620115233,flexibility,Intermediate
64,91.32318563177802,191.32966299355562,24.946891575608678,flexibility,Beginner
27,105.27780171742356,173.97646235845446,34.782101385555606,endurance,Beginner
30,92.27118477248713,169.7243912851466,32.03152218932309,endurance,Beginner
56,59.17569799788285,178.03911882810908,18.668632949599058,muscle_gain,Beginner
61,51.41357359782209,167.116908498648,18.40928856550972,weight_loss,Beginner
19,115.14795492936601,152.02135320887234,49.82496944207523,flexibility,Beginner
27,53.81769185951819,182.7913610908097,16.106965720306732,weight_loss,Advanced
22,84.56877842211024,192.853754936976,22.738083606031548,muscle_gain,Advanced
29,58.6142995537972,150.34916855086314,25.92994036814472,flexibility,Advanced
19,57.12767068670279,154.0895973355802,24.060235619563645,weight_loss,Intermediate
23,85.18706157477368,192.47156325444138,22.99537470456586,muscle_gain,Intermediate
30,109.83903425919482,183.72696590861915,32.53950181914406,muscle_gain,Beginner
56,88.26839355348764,195.4316140829178,23.110832229969795,flexibility,Beginner
20,93.49337027910752,191.89394643511815,25.389740762558727,flexibility,Beginner
52,52.81428049124831,178.87308076308065,16.506743152067664,flexibility,Beginner
32,74.3397638203265,173.05088385872673,24.824101219317235,weight_loss,Intermediate
49,60.127677865267984,170.52499972195608,20.677513674149544,flexibility,Intermediate
25,83.99595907094275,172.71800213818003,28.156792587063684,flexibility,Advanced
55,57.03551066610443,176.94772204574127,18.2160991802556,weight_loss,Beginner
45,62.0759831195853,157.3430209452837,25.07428961908565,endurance,Advanced
27,87.37453858763755,155.7322148633205,36.02698964634521,endurance,Beginner
36,105.64234997273155,156.71656590574284,43.01384248096083,muscle_gain,Beginner
29,53.561881710080506,178.62600226270354,16.786744053034806,muscle_gain,Beginner
46,110.77543368371488,154.7006109035273,46.28703919892555,weight_loss,Beginner
49,70.54759324812393,155.76076258742168,29.078103143446576,flexibility,Advanced
57,59.004593106061776,173.32723789352622,19.640484065198972,flexibility,Beginner
46,63.21702655317551,177.87731250119663,19.9798832580384,endurance,Advanced
59,112.5276213058873,185.6712785794278,32.64146800772496,weight_loss,Beginner
38,84.92983300997759,157.90643634852597,34.06125183353452,muscle_gain,Beginner
51,79.44503352709614,157.59952294331055,31.985780718959592,muscle_gain,Beginner
64,56.604784382315536,154.90517367523,23.58963898115348,endurance,Beginner
38,61.215770218946936,194.43381050321395,16.192717645673504,muscle_gain,Beginner
62,91.69553122936313,157.24184457162752,37.086163727988286,endurance,Beginner
61,103.7692829638524,188.63722730838754,29.161778518342643,flexibility,Beginner
38,84.38031979314549,190.24491070344897,23.313907640894445,muscle_gain,Intermediate
53,81.99403328697453,168.64273759543855,28.830154038181774,muscle_gain,Beginner
20,103.30431612792023,180.34956940075452,31.760567040660934,weight_loss,Beginner
25,54.86422945862638,178.61539074303013,17.19695394301076,endurance,Advanced
32,70.80390731773504,184.90270375356914,20.709551875657198,flexibility,Intermediate
61,115.23765196101749,187.28030727649383,32.85565837473984,endurance,Beginner
23,116.07298596091934,160.8077109204132,44.88667303763818,muscle_gain,Beginner
21,54.957048908661235,190.30930012277662,15.174115297942713,endurance,Intermediate
40,68.86593118879043,193.12625363131434,18.463829984686537,weight_loss,Intermediate
50,57.34198628924919,179.8241101342663,17.73278272614981,muscle_gain,Beginner
33,60.048425470217076,173.84181409939532,19.869783429816614,endurance,Advanced
44,83.90829715261964,159.5346980513072,32.96815156957794,weight_loss,Beginner
62,106.68848700248243,185.47305512762665,31.013865900313014,endurance,Beginner
25,79.60459462583934,165.27910930495875,29.14084947612728,endurance,Beginner
33,101.28977030268149,173.0317213012527,33.83094507237219,muscle_gain,Beginner
56,94.39228745393862,176.49719370283768,30.3012749139318,endurance,Beginner
19,118.99147997009437,174.62080076484483,39.023293043842045,endurance,Beginner
38,77.0240288044138,157.36572463788335,31.10326203334348,flexibility,Beginner
46,74.58610892978443,157.9559895204852,29.894118659520604,endurance,Intermediate
53,66.76612841889518,178.61041370067937,20.92871869605862,muscle_gain,Beginner
40,61.03126461331484,177.02824755026668,19.47454091531648,endurance,Advanced
40,79.44489134286823,193.0927162484166,21.3075831410772,weight_loss,Beginner
22,100.4657648058408,191.88578494730086,27.285535942488195,muscle_gain,Intermediate
52,51.26031669243903,191.0656214966953,14.041586585520982,endurance,Beginner
29,78.87093943474511,178.00443682839716,24.89174589929442,muscle_gain,Intermediate
31,88.06315424507791,195.72927347851902,22.987019743262465,flexibility,Intermediate
30,83.01059300608435,191.59703519432964,22.61288361346613,muscle_gain,Intermediate
42,63.8806923388168,185.98406136638445,18.467927454315145,weight_loss,Intermediate
18,89.70967413186835,195.04095189730512,23.582381640865464,weight_loss,Intermediate
30,117.40615771041924,171.57292988760952,39.883507075449856,flexibility,Beginner
55,96.0459828993149,161.90876271147275,36.63856852563233,muscle_gain,Beginner
59,108.96602300211211,150.8731913387351,47.870387919208675,weight_loss,Beginner
32,71.80378975116884,163.0302983942169,27.015357542820325,weight_loss,Advanced
51,74.12802633900512,174.64682221830037,24.303065729082046,muscle_gain,Beginner
58,92.03557805107278,152.53100012174488,39.558472052570295,flexibility,Beginner
20,65.19368036587369,194.96841312447714,17.150507866414973,weight_loss,Intermediate
62,99.01269713738009,179.41211779544784,30.760071855302993,endurance,Beginner
27,89.84097126468794,168.12403538786805,31.784459254965302,weight_loss,Beginner
60,118.14021520341781,150.24986838587066,52.3322680403154,endurance,Beginner
59,74.84581453778628,173.36056375199274,24.903873285395075,endurance,Beginner
56,108.59276837258955,198.86625182376767,27.4586213393511,flexibility,Beginner
39,94.48224282971805,157.512397419603,38.082084344741254,endurance,Beginner
52,61.45757342622361,160.98322122256275,23.714511459824593,flexibility,Beginner
59,101.5277591489313,150.58503738700375,44.773511707854404,endurance,Beginner
55,102.84214211611629,194.95412365664563,27.05865855657098,muscle_gain,Beginner
27,111.61317333532324,199.824588930146,27.952303266398403,flexibility,Intermediate
45,67.11507951720634,158.1421240563011,26.83644432501394,endurance,Advanced
40,109.52195422984357,182.8285871210508,32.76521169309147,weight_loss,Beginner
38,57.0603234261819,166.2239680313466,20.651278243680586,flexibility,Intermediate
23,106.12938912632315,169.8820837838427,36.77396899735733,endurance,Beginner
61,86.47566950701486,183.7772890005824,25.6041434448871,muscle_gain,Beginner
21,91.2890305474846,189.85714444905193,25.325889399090162,endurance,Intermediate
50,50.03540077963293,168.99481589789613,17.5198594617732,flexibility,Intermediate
31,60.72455497020002,194.73482947130825,16.013161049278047,weight_loss,Intermediate
62,68.21317390268857,162.95080384583065,25.689475828386357,muscle_gain,Beginner
43,60.59271650814939,161.51026675541877,23.22844591028064,muscle_gain,Intermediate
31,83.1148056859634,191.26123735447203,22.720844618866774,endurance,Intermediate
45,55.425117925189035,184.66120149869022,16.253814982763497,flexibility,Intermediate
20,97.47851306369586,184.60389750461252,28.604025986623157,endurance,Advanced
52,50.9630922606837,158.821371558813,20.204024532182505,weight_loss,Beginner
40,101.54918305092336,182.35398698351082,30.53837386282488,muscle_gain,Beginner
49,50.38149009606012,189.47618871962297,14.033361971358385,muscle_gain,Beginner
43,88.89197528906284,190.12681525098188,24.590978481850264,flexibility,Beginner
62,58.44797692988126,183.3071410399055,17.394450572286082,weight_loss,Beginner
18,88.5148556342987,161.5874548249564,33.900092605147506,weight_loss,Beginner
38,83.51085813864975,187.55856269252752,23.73936809179986,flexibility,Advanced
43,68.22847662388074,164.13091611938435,25.32706631438228,endurance,Intermediate
51,78.8108025603097,155.20108478671568,32.71871548313165,muscle_gain,Beginner
43,56.72139407096135,198.94564671657997,14.33105013369049,muscle_gain,Beginner
54,52.951238417938185,199.01905171389367,13.368627322854573,weight_loss,Beginner
41,90.6988380923184,190.67992821362805,24.94547419727859,weight_loss,Beginner
52,111.00278849878868,165.17469338035994,40.68617570244294,flexibility,Beginner
21,111.24964228448803,157.41913015975666,44.893514603008136,muscle_gain,Beginner
27,60.95556761731086,188.99384790417295,17.065461804706267,weight_loss,Advanced
18,118.65052108454633,167.5816202670311,42.249043357209345,flexibility,Beginner
57,107.89246809456813,174.86670378806951,35.283924203381865,flexibility,Beginner
59,50.61052348484563,150.477348805734,22.35108280371961,muscle_gain,Beginner
23,65.43815372047352,197.39793879218806,16.793677566156216,muscle_gain,Beginner
55,75.73790732834101,161.32988847874333,29.099373174783313,muscle_gain,Beginner
52,82.56363494748594,157.50221434800036,33.28246446519301,weight_loss,Beginner
33,108.77416980964367,158.1976211200432,43.46361851899546,weight_loss,Beginner
54,66.55706683161245,166.9601974106543,23.87636862141747,endurance,Beginner
57,114.32157548095114,181.24834356705696,34.800069270896884,flexibility,Beginner
62,115.85075368310224,173.85743842715084,38.32766045082731,weight_loss,Beginner
25,103.54547130452325,178.9494707306554,32.33480697484269,weight_loss,Beginner
34,90.1802478392746,184.40001766859848,26.52097632637791,endurance,Advanced
33,54.02002873194046,156.6119613697531,22.024444002890768,flexibility,Intermediate
62,83.4769066753156,159.49791741211678,32.81378391728307,weight_loss,Beginner
25,75.26363100347015,167.64887990654645,26.778352500761663,weight_loss,Beginner
38,70.1726310934178,179.92055367651395,21.677350648306803,flexibility,Advanced
43,67.72812495856915,161.0263988395733,26.120103366687054,flexibility,Beginner
62,73.38144893175772,196.56431428997814,18.99227243360001,flexibility,Beginner
60,63.60580095613739,194.8495567657565,16.753204176441983,weight_loss,Beginner
62,98.10771708298351,194.61535087427575,25.90293542494758,endurance,Beginner
53,109.35156485190375,193.6090080560968,29.17251571919774,muscle_gain,Beginner
32,86.39845205465554,159.4450721633504,33.98472490162991,endurance,Beginner
44,92.19451732276649,156.79155771456263,37.50245903162965,endurance,Beginner
58,71.19453885831913,198.61051029196136,18.048546257350118,weight_loss,Beginner
31,81.25541635355206,158.2109799354151,32.462284453730405,weight_loss,Beginner
64,116.10158358807035,150.38498516597429,51.33684665484325,weight_loss,Beginner
39,62.59945239868695,196.88835858704851,16.148435656170417,endurance,Advanced
38,63.779708371066924,153.8878858053175,26.932313608323806,flexibility,Advanced
33,104.07866773963664,162.42943448283944,39.4486603882257,flexibility,Beginner
29,77.36269837560093,163.0567306716743,29.097397608080552,weight_loss,Intermediate
25,106.23732914774524,193.0541002347163,28.50487126207988,weight_loss,Intermediate
59,55.046490739454434,151.11505097236468,24.105391736896948,endurance,Beginner
48,87.9541026005418,152.63513993942826,37.75261537262646,flexibility,Beginner
30,87.76083297270407,182.93560028936201,26.224322492754904,weight_loss,Intermediate
28,90.66637143406342,153.93002458295882,38.264809687452676,endurance,Beginner
34,117.89496812860196,179.14229862713708,36.736602105117434,weight_loss,Beginner
60,74.34358879884289,185.52683642901428,21.59882092588034,muscle_gain,Beginner
21,53.91459640377648,186.9201104276543,15.431008150529825,weight_loss,Advanced
35,54.255928954860444,185.6716462797064,15.73823505898156,flexibility,Intermediate
38,71.7455999654853,176.74515754157665,22.966786013168083,flexibility,Advanced
22,57.14363161415958,175.24683349382403,18.606619578081524,weight_loss,Intermediate
65,57.53540953132362,166.45082709988492,20.766499390109445,endurance,Beginner
39,118.4608256813774,171.47574695810505,40.28741003343145,flexibility,Beginner
31,63.66308964996108,196.91145192069527,16.418964458311038,muscle_gain,Beginner
18,64.94306614792072,160.8524051111224,25.100228268546918,endurance,Intermediate
26,65.1099567899322,177.69636783118744,20.62007808539428,endurance,Advanced
65,87.36727980091916,191.85771503317608,23.73505696454821,endurance,Beginner
48,83.17908524218075,186.9284592071817,23.804731507610537,endurance,Intermediate
65,60.31558452259402,166.3856326904906,21.78702320658082,endurance,Beginner
22,54.96139332535366,171.7809404593777,18.625493209632584,muscle_gain,Beginner
34,61.8445789292481,154.04296292884365,26.062610286550576,endurance,Intermediate
54,95.97309015549433,182.12757314920486,28.933307133701348,flexibility,Beginner
33,102.54399840960082,178.4342080493407,32.207277276416235,muscle_gain,Beginner
45,107.8201239363554,171.4386547324237,36.68447653742821,endurance,Beginner
56,98.6891772024841,191.56764394012012,26.892130633631627,muscle_gain,Beginner
44,103.29956225390552,190.09869935175445,28.5851312239615,weight_loss,Beginner
45,104.48763169255929,171.54924727571807,35.504814831641355,endurance,Beginner
52,90.95231856466395,152.04629054048684,39.34251474707106,weight_loss,Beginner
30,83.03704638009063,188.65965469403227,23.329950779908543,weight_loss,Advanced
44,96.33019571284795,199.25426329291403,24.263150817605617,muscle_gain,Intermediate
59,100.72296498976581,196.9448202257803,25.96805220091585,weight_loss,Beginner
52,55.7904263504676,174.17316957138598,18.390653845922287,weight_loss,Beginner
28,51.65669390567641,150.58254691160124,22.78123848702893,weight_loss,Advanced
62,97.22261091671666,153.30406473359955,41.367563282443626,weight_loss,Beginner
49,61.463832149547464,178.09306652582305,19.378743317276314,weight_loss,Advanced
44,111.1004057476911,162.040999368699,42.31222067776943,muscle_gain,Beginner
46,72.10967676304962,192.67135670663467,19.424919952369606,muscle_gain,Beginner
65,110.3648277638568,178.08138624673884,34.80115313033737,weight_loss,Beginner
18,84.09931710756902,198.1119439148367,21.427482571929765,muscle_gain,Advanced
33,100.99368805545168,196.2658826201985,26.218304830993404,weight_loss,Intermediate
50,84.75319789128687,163.70866020265373,31.62370757519824,endurance,Beginner
57,84.00126631261548,159.76704297434858,32.90875395869603,weight_loss,Beginner
58,94.24414042336174,171.88600886466375,31.898723391204907,weight_loss,Beginner
33,54.40527884513321,189.4844169853418,15.152840118855021,flexibility,Advanced
27,50.01288782750145,167.37425390591093,17.85272946923005,endurance,Intermediate
47,51.37321673463295,194.73667245271957,13.546941968523804,flexibility,Advanced
38,52.17940486442208,167.49580962445384,18.599069984125798,endurance,Beginner
50,93.03561501022078,165.75907116078903,33.86059801148856,muscle_gain,Beginner
26,109.2363978009848,157.1681921412698,44.22196688789143,endurance,Beginner
32,52.9377126181439,196.64153965688578,13.690352799327309,muscle_gain,Beginner
18,71.31259521422845,183.16346253302433,21.256343122529586,flexibility,Intermediate
20,102.78180993788327,173.3810534316595,34.1910931745695,weight_loss,Beginner
52,82.24774113769416,154.74852065301033,34.34558889660499,weight_loss,Beginner
65,74.72879018364831,169.82261649303436,25.91175899228839,endurance,Beginner
62,54.347460728486766,160.8422032756262,21.007734989606586,endurance,Beginner
27,115.88515762659443,157.9889751264564,46.427388124700954,endurance,Beginner
49,74.66815871186716,186.85308265981402,21.386263213991057,endurance,Intermediate
61,80.59024051362483,181.48805774616548,24.467316846862147,weight_loss,Beginner
38,116.2640526392777,168.18380919676324,41.10333758751837,endurance,Beginner
58,52.0247009608071,152.17541329655054,22.46573401353455,weight_loss,Beginner
43,88.21543757894557,154.6963251422826,36.86248413624339,flexibility,Beginner
32,107.8073649489138,162.54614019832448,40.80328310004553,weight_loss,Beginner
18,75.37425569967446,186.42049600971984,21.688809703337,muscle_gain,Intermediate
60,71.02649377718816,167.22002237057706,25.400591018600668,endurance,Beginner
48,93.64115838841724,168.33829868800407,33.044631272749974,muscle_gain,Beginner
40,105.85946716783704,199.1611479543826,26.688272415805127,weight_loss,Intermediate
33,60.988089467726695,171.6634428923396,20.696141819224277,flexibility,Intermediate
23,71.57385360802043,181.28578931130602,21.77844547858057,muscle_gain,Advanced
27,66.90661607867214,150.3750918465174,29.588112002234816,flexibility,Advanced
41,59.667042373139694,187.48446345750472,16.97477171505047,endurance,Advanced
60,94.04098369457039,196.7376546291517,24.2964142635977,endurance,Beginner
54,115.12185521989555,167.2566847863972,41.15198713040594,flexibility,Beginner
51,79.62347165450387,151.79920406298115,34.55430167148711,muscle_gain,Beginner
44,85.99185319645734,198.19263546250212,21.891840889057757,weight_loss,Advanced
45,87.5169907330941,178.71481291889714,27.401306740334554,weight_loss,Beginner
50,107.90347536250684,185.5032769742339,31.356837889273052,weight_loss,Beginner
19,87.94425585150259,167.92127886376653,31.188609458999068,flexibility,Beginner
24,86.66992825765638,158.73115294952117,34.398863603909625,flexibility,Beginner
43,70.07667463674129,197.67010753749477,17.934591450668897,muscle_gain,Beginner
39,102.0423497507056,192.0841159936877,27.656520758049517,endurance,Intermediate
58,68.57592423854194,187.99527571057874,19.403398281054475,weight_loss,Beginner
36,85.74789595693258,177.18005351531846,27.31453523600296,endurance,Advanced
58,104.73154469481173,166.99132367494653,37.55689626632178,endurance,Beginner
35,81.75269224010115,171.4240178858874,27.820102356791672,muscle_gain,Advanced
50,64.14970384197393,177.50128513987124,20.360650644088416,flexibility,Advanced
43,74.17915356652179,181.42518241560578,22.536513863074255,muscle_gain,Advanced
25,78.49929166457302,170.85860033546055,26.890077213161568,endurance,Beginner
45,53.30878506984319,160.55392715852534,20.680304023311813,flexibility,Intermediate
57,62.997894366045344,196.64098440725698,16.292133291467145,muscle_gain,Beginner
61,100.61622973561882,162.7110793105122,38.00439188898952,flexibility,Beginner
56,83.75113334837587,185.43518700643324,24.35602435006978,flexibility,Beginner
44,82.57542300133126,194.76044540198757,21.7695418365958,muscle_gain,Advanced
27,63.47237728011562,186.88767383441476,18.172866979242627,flexibility,Advanced
52,64.2149414936096,196.13460905404767,16.692739766188314,endurance,Beginner
60,67.55010024478065,155.3774283960598,27.980156498671963,flexibility,Beginner
33,116.93923909189631,198.61662014314703,29.643473364986146,flexibility,Advanced
48,94.46597771944067,156.7734617054036,38.43530464428743,muscle_gain,Beginner
51,117.32692541288723,151.5395133196908,51.091177701646124,endurance,Beginner
22,77.40530949326886,193.69145302617693,20.632404194456424,muscle_gain,Advanced
57,69.87183857846452,199.42272751066236,17.56923563768817,endurance,Beginner
57,51.902683307451376,159.58746748024802,20.379439960485403,weight_loss,Beginner
22,104.9912377282553,175.45907319388567,34.103691698158265,flexibility,Beginner
19,80.10560994354759,164.5187229815963,29.59594911833797,weight_loss,Advanced
65,58.44057254374441,187.75247724331086,16.578418946343096,flexibility,Beginner
21,96.70828224164116,179.72323142318342,29.940236882701573,muscle_gain,Intermediate
34,67.638589092603,197.29509177832364,17.37648690710269,weight_loss,Intermediate
32,52.558759677094784,168.73937529262162,18.4591727426345,muscle_gain,Beginner
37,51.8079219068654,172.09909243512226,17.491981617732836,endurance,Advanced
21,67.29821019448727,183.7969309363298,19.92172789199633,muscle_gain,Beginner
60,111.42127335273594,194.2357459295929,29.533152085145165,flexibility,Beginner
26,85.68383918132307,197.97114933870776,21.862262701446554,endurance,Intermediate
43,104.8274491690448,160.49647289974837,40.695279212972196,endurance,Beginner
43,63.27807766094323,169.9670547917352,21.90401757294692,muscle_gain,Beginner
36,87.11158468617923,158.1057939951647,34.84819941003316,weight_loss,Beginner
61,64.35052748453853,165.61474466997956,23.461410180234314,weight_loss,Beginner
39,81.95839190993043,162.77025424220307,30.934517386748368,flexibility,Beginner
60,68.03354957187513,177.00522693241751,21.71455571333635,muscle_gain,Beginner
19,70.95588679209224,170.26104819417498,24.476979642043556,muscle_gain,Advanced
50,90.2660059913284,184.2406806593941,26.59213260533739,weight_loss,Beginner
19,103.55494539432914,164.8724712011862,38.09557641121143,muscle_gain,Beginner
27,83.31985547112276,160.115884689817,32.49972373962652,endurance,Beginner
24,103.59039552407211,177.27824837886467,32.96162296447157,weight_loss,Beginner
34,50.40069639043962,169.70854982078436,17.499639108422546,flexibility,Intermediate
35,57.09541888803565,181.53690498403327,17.324926856608016,muscle_gain,Beginner
55,94.19413313024526,181.3189250245105,28.65085471593558,weight_loss,Beginner
52,77.44114757622165,172.4266025140539,26.047331549673896,muscle_gain,Beginner
25,84.61788469100041,185.59678886117834,24.565253413266532,flexibility,Intermediate
40,73.49823458716737,199.40250315192387,18.484840004848024,muscle_gain,Beginner
50,77.46849214413714,191.37997428288236,21.151059118087502,weight_loss,Beginner
62,54.32844064071717,194.08083239553474,14.423210687938946,endurance,Beginner
45,79.74108572181193,168.94982732730037,27.93615553977066,flexibility,Beginner
40,58.06121123781283,157.72260513405965,23.33985792183705,muscle_gain,Beginner
29,113.68314862790058,182.74083792815793,34.04276835197448,endurance,Beginner
28,102.10650740569855,183.0674073298613,30.467116929731716,flexibility,Beginner
42,101.05419420673913,158.5228821846901,40.213365730742765,flexibility,Beginner
31,103.35298931776762,191.49551474452807,28.18420764834429,muscle_gain,Intermediate
65,105.85225223331358,179.7048680930198,32.777846639143064,weight_loss,Beginner
26,90.56259103282255,172.41897801784194,30.463423373080744,flexibility,Beginner
25,50.143224459858686,152.75682314694808,21.48874350715087,weight_loss,Intermediate
60,115.5831311624929,195.38138389934934,30.27806329755748,muscle_gain,Beginner
23,115.88273077158212,150.02562856245308,51.48584095429431,endurance,Beginner
56,116.35612654569942,176.45418572872398,37.37019169139148,flexibility,Beginner
36,60.1802144771016,172.56972959281865,20.2080540131798,flexibility,Advanced
50,109.58296428383622,173.7959834092613,36.279690514922656,flexibility,Beginner
65,94.0272264047571,164.7134886252396,34.657345376664765,endurance,Beginner
28,75.42031301638433,177.16113592357797,24.02986981994121,flexibility,Advanced
46,82.13348003612762,160.0075974589796,32.08034395306403,flexibility,Beginner
50,90.14052563230865,157.98287940279442,36.11603258290498,flexibility,Beginner
48,78.19888993070042,191.93087503324554,21.228089084182397,muscle_gain,Intermediate
37,61.25093031635325,191.07433365439297,16.776755758726388,endurance,Advanced
63,56.901506287406015,183.800178460375,16.843483120425102,muscle_gain,Beginner
49,75.87056252713421,154.14618304939785,31.930649572226883,weight_loss,Beginner
22,66.3670842540361,185.49238436168875,19.28859393494512,muscle_gain,Beginner
25,118.16568821090739,170.24318463846438,40.77105215027997,flexibility,Beginner
51,82.65195626010008,157.98058597616074,33.116596493336495,endurance,Beginner
62,56.817360583487854,174.7796648950886,18.599413524386236,flexibility,Beginner
29,55.709696799413074,177.87835946089467,17.60696755962863,flexibility,Advanced
23,73.14597296622178,193.56137339473452,19.523291164404363,flexibility,Beginner
52,103.49211417313774,162.6370462434538,39.126256937330275,weight_loss,Beginner
22,58.50536570983025,187.95133435235013,16.56169840786164,flexibility,Advanced
43,104.19981522121557,176.37020555215514,33.49781707950581,muscle_gain,Beginner
54,56.808760864631616,181.4741055013776,17.249876398690887,weight_loss,Beginner
63,114.36543642294507,188.00102525299482,32.357455029261914,muscle_gain,Beginner
60,99.60401765872618,173.575621297282,33.05973741206606,flexibility,Beginner
57,54.44682678014177,161.79596044202458,20.79874952853449,endurance,Beginner
18,83.0503744673193,186.59902363897305,23.85189346890511,weight_loss,Advanced
35,105.29919651411134,183.85600949267842,31.15081387028287,weight_loss,Beginner
31,56.19880241180522,196.6812338479395,14.527845504079586,muscle_gain,Beginner
57,106.87014646702823,198.93603162500634,27.004087330864216,weight_loss,Beginner
52,118.08008927503761,161.50302408530024,45.27050668677487,muscle_gain,Beginner
35,65.50463714897191,182.51890977478985,19.66329583959477,endurance,Intermediate
32,109.000829862181,195.0210004259776,28.65939673272953,flexibility,Advanced
53,116.1249946081082,186.63125257093725,33.33933747314088,muscle_gain,Beginner
39,63.120769838795674,199.35197034715105,15.882951949946,weight_loss,Advanced
41,76.45132596001623,170.2609953212448,26.372705577496053,flexibility,Intermediate
29,58.41333222525419,181.61449651129428,17.70969001252027,endurance,Beginner
39,91.91587768065862,166.04431345202002,33.338228956083064,muscle_gain,Beginner
53,98.44318422457732,180.43190538566515,30.238412148212586,muscle_gain,Beginner
62,58.947713529174294,171.74717562971227,19.984245516859225,weight_loss,Beginner
26,63.10199103399279,171.77968213572115,21.38451835391049,flexibility,Advanced
48,104.05846147137474,196.44006768109475,26.96604471193081,muscle_gain,Advanced
62,61.240382524832285,183.25761929438178,18.23533785446365,weight_loss,Beginner
53,54.907757352,192.94539113137955,14.749078517702374,flexibility,Beginner
38,93.59317313536582,188.16602310299183,26.43393144093389,endurance,Intermediate
46,108.24981025380646,189.7240954625601,30.073374455155157,flexibility,Beginner
58,83.15155244122448,152.3583925696205,35.82099109914148,muscle_gain,Beginner
38,56.68043886495361,176.58439817147774,18.17726526992919,muscle_gain,Beginner
50,55.55430368075998,166.10179242771596,20.135808418827082,flexibility,Advanced
30,78.40580921531615,184.58644761241376,23.01169545524893,muscle_gain,Intermediate
25,100.57147496696966,161.25411439833584,38.67703830128128,flexibility,Beginner
64,87.22689877036049,175.55910873980017,28.30112484935737,flexibility,Beginner
60,88.69703621476795,184.9374625406824,25.933391668127793,endurance,Beginner
54,99.87926694669153,198.45968670732057,25.358919400945183,flexibility,Beginner
63,98.32213979048099,184.27645136009983,28.954204722820066,muscle_gain,Beginner
38,67.53016269997065,163.62336488494702,25.223605004928746,endurance,Beginner
37,96.80401584174575,150.07218241105213,42.98262922319278,endurance,Beginner
46,71.83130653912744,161.61754921597873,27.500255720940324,muscle_gain,Intermediate
38,107.45581789868194,161.81156632748963,41.040326806741135,weight_loss,Beginner
20,102.82194582148082,171.43512807172675,34.985347004656234,weight_loss,Beginner
56,87.68903592983195,173.55694865489028,29.111278777221873,flexibility,Beginner
29,116.66246011103789,159.49599048320079,45.85974023939921,muscle_gain,Beginner
58,70.541344593421,163.9116467248605,26.25573054519254,flexibility,Beginner
28,102.88260820883767,189.9043489763029,28.52805377700893,endurance,Beginner
64,82.32451481864197,182.58506770462253,24.694410662900985,endurance,Beginner
64,110.55629192720195,178.03315601696724,34.880418143078245,muscle_gain,Beginner
45,73.80025154582552,190.01275461633696,20.440538555864908,flexibility,Intermediate
39,93.48126981272983,177.92658690122983,29.528603424409102,weight_loss,Beginner
52,84.02795440976962,162.81294748388325,31.699025695042057,weight_loss,Beginner
42,105.48921095309086,158.21081598025057,42.14399511994355,weight_loss,Beginner
48,98.72610934181249,159.7722497671855,38.674910848747764,weight_loss,Beginner
20,64.80699492642356,197.21620229394205,16.66236718947962,flexibility,Beginner
57,57.48905488806614,159.90773274772255,22.482584667989936,weight_loss,Beginner
63,82.26578178110587,190.66949003690843,22.628554857066096,endurance,Beginner
49,52.92947477308881,198.32221833136586,13.45720416346942,flexibility,Intermediate
20,91.61026335651906,169.26196235137346,31.97609226936715,flexibility,Beginner
46,113.06426154637211,179.81583824119912,34.96789318036262,weight_loss,Beginner
42,113.68142357566035,187.33010443518327,32.394729130663144,endurance,Beginner
22,67.65110185423939,160.36692313219706,26.305422469272944,flexibility,Beginner
20,101.03546182166183,171.0816554619133,34.519694445029565,muscle_gain,Beginner
46,73.3621403261651,184.9210606880052,21.453553695252513,muscle_gain,Beginner
48,105.62772764921961,189.17254963073577,29.51628550596241,weight_loss,Advanced
23,117.99125483463042,155.35745375155972,48.88612686292695,flexibility,Beginner
53,62.4046133237122,194.02965162229532,16.576028650243874,muscle_gain,Beginner
24,80.01689484387245,189.39445970275182,22.307307445353683,muscle_gain,Intermediate
52,75.53070604832212,150.1273412362073,33.512278602645296,muscle_gain,Beginner
29,75.8798602558565,170.88878341872433,25.98360505473253,muscle_gain,Advanced
43,53.30212947189283,172.35233349450374,17.943626650300164,flexibility,Beginner
41,54.8981501559582,168.2657323534964,19.389488419821447,muscle_gain,Beginner
22,117.29246869928413,179.69620005905182,36.32388903781599,flexibility,Beginner
41,118.12552326905904,183.0453656540414,35.25545058518232,weight_loss,Beginner
19,62.5732133912896,191.63916521805515,17.038051144021576,muscle_gain,Beginner
27,96.77840994408464,186.97399930982766,27.683184510792703,muscle_gain,Advanced
52,107.94183630246917,174.4282675948014,35.4777498405675,weight_loss,Beginner
40,106.63823047489542,189.94577638474084,29.55654375779762,weight_loss,Intermediate
34,76.57913745548024,161.40685975044192,29.39452820891592,endurance,Advanced
38,86.89622081997632,194.6093213440657,22.94423661799728,muscle_gain,Intermediate
21,107.030443889351,163.07618382292017,40.24632656500266,weight_loss,Beginner
64,82.15750334293243,179.9383102387896,25.37464397916475,flexibility,Beginner
39,97.2563537327314,181.48941396240696,29.526732306599282,weight_loss,Beginner
51,70.92347576765087,167.8377959642476,25.177376568803787,flexibility,Beginner
51,51.908772888611814,153.17514462491806,22.124026208306717,weight_loss,Beginner
42,51.00213461732678,175.872389562099,16.488950890042357,endurance,Intermediate
43,88.7978453773213,162.86797205474443,33.475806621401844,weight_loss,Beginner
39,118.04507540079273,172.15456993074207,39.83004181898806,endurance,Beginner
34,99.88992298869626,188.2586922220775,28.184582333873585,muscle_gain,Advanced
34,82.4202051308235,184.3883668652781,24.241900007918574,muscle_gain,Intermediate
61,53.64723009119306,175.2688875029297,17.463755536573395,muscle_gain,Beginner
42,60.97372987656932,179.26291179427588,18.974129900939666,endurance,Beginner
50,64.59865663715414,172.52767815376956,21.70230842947378,flexibility,Beginner
19,107.48322353352631,184.43367577789587,31.59804688561766,endurance,Beginner
39,98.74624916750281,171.1565802312225,33.708032737908546,muscle_gain,Beginner
21,87.73959713731301,151.13162024735234,38.413595535394705,flexibility,Beginner
54,76.61612810218962,182.08294037572182,23.10902830666483,weight_loss,Beginner
56,63.09918854439289,175.06322922421617,20.588936008906362,weight_loss,Beginner
36,98.12368004140122,188.35541303639843,27.65779901564454,weight_loss,Intermediate
19,99.50923920888079,150.60810864433404,43.86990527029397,endurance,Beginner
60,99.5941108671908,153.13577188237045,42.469813600880826,muscle_gain,Beginner
35,73.74418738577161,176.97949175988492,23.544089887765313,muscle_gain,Intermediate
24,61.873566917023055,182.6664476536942,18.543324017806686,flexibility,Intermediate
65,108.3834756221541,190.92327756313145,29.733450516778333,endurance,Beginner
57,64.62739445707834,166.75109716530935,23.242307724390802,flexibility,Beginner
64,79.78787038029402,186.27455411949526,22.994809098648705,muscle_gain,Beginner
42,55.892620508505324,167.20145928492778,19.992833298592465,flexibility,Beginner
44,112.57787612802754,184.222962970073,33.1715316545419,endurance,Beginner
57,74.15437239372017,184.72786683238158,21.73061078233077,flexibility,Beginner
19,107.82148208510031,179.06140940409117,33.62802024228514,muscle_gain,Beginner
56,51.91178423223129,193.77932650286422,13.824552170080915,weight_loss,Beginner
25,116.74713995935213,187.54284815894607,33.19290291512964,weight_loss,Beginner
47,52.25716712920049,160.23080917421746,20.354189382810944,weight_loss,Advanced
59,59.74431145149328,180.55227220101673,18.32696893627566,endurance,Beginner
21,53.42778568475925,150.7675514005916,23.5045213785116,weight_loss,Advanced
40,59.435971450506614,180.04685239572888,18.334889573968557,endurance,Advanced
60,67.86269304280728,173.3130916687457,22.592711207390952,muscle_gain,Beginner
57,104.98442702782755,157.9589004136112,42.07621626226003,endurance,Beginner
65,56.098790202722455,181.1056511383395,17.10367720153386,flexibility,Beginner
41,70.67637313460588,157.58473962100328,28.460723625342375,endurance,Intermediate
26,115.35298025123817,195.5442016747989,30.16747309379116,muscle_gain,Beginner
42,80.77031798577795,158.71797118143357,32.06266266185227,weight_loss,Beginner
26,78.54793127748562,169.0409480269098,27.488491791332336,flexibility,Advanced
60,74.84934660523794,166.72729042172864,26.92617282684613,endurance,Beginner
43,102.86542960661345,152.93647322428757,43.979197689328196,endurance,Beginner
31,92.15788402456053,162.94329388102207,34.71039149722505,flexibility,Beginner
57,108.92214313128525,170.30657779818802,37.553751965283986,muscle_gain,Beginner
52,70.28575662774762,178.65870648072473,22.02008310990123,endurance,Beginner
49,111.33329329224632,197.04438321674905,28.674571479995386,endurance,Beginner
19,92.92056048968004,165.40852987205167,33.962215809819824,flexibility,Beginner
38,68.87014013066074,189.65509364352505,19.147053210593814,flexibility,Intermediate
27,80.80335240378403,189.5305700320212,22.494214996933213,flexibility,Intermediate
19,75.32823769807499,170.06519996094096,26.045152168668004,weight_loss,Advanced
38,63.737041300042364,150.86557988384968,28.003451762580543,flexibility,Intermediate
33,98.54769179981949,160.47730403159102,38.26654188430976,flexibility,Beginner
40,88.4041129470134,187.6422573441789,25.107945251650754,endurance,Intermediate
24,101.45526905286613,165.9858987874225,36.824106511768605,flexibility,Beginner
26,80.45438430324155,180.33109037835948,24.740501476537467,endurance,Intermediate
30,89.06034343210464,167.18216394708145,31.86430723944027,flexibility,Beginner
57,115.63540680595628,173.36312500901136,38.474889286840686,flexibility,Beginner
64,113.52980964445857,178.59687421772765,35.59280394451066,flexibility,Beginner
28,67.1527893458394,150.60177945753344,29.607643991472962,endurance,Advanced
51,113.93426899050657,185.78108840699946,33.01044390059668,flexibility,Beginner
31,53.57104591894493,185.7784630821721,15.521703894369665,weight_loss,Advanced
49,84.5874835649395,175.09398794398854,27.590758282271793,endurance,Advanced
52,112.69857848643016,187.84450476822522,31.93900988531165,flexibility,Beginner
33,97.45447173957193,160.31577608756226,37.91833403798333,weight_loss,Beginner
49,109.31217068735903,184.7451072965393,32.02746957816611,flexibility,Beginner
29,97.79097954172272,174.5162339920516,32.10902596949043,muscle_gain,Beginner
65,107.96082161218337,195.18022924056908,28.339653339619684,endurance,Beginner
48,52.25757203197472,189.69813490291855,14.521888769151886,endurance,Beginner
52,97.18521506004073,155.1786505601037,40.358615394293984,muscle_gain,Beginner
23,99.21280157274117,172.8351321363025,33.212660138084644,flexibility,Beginner
33,113.99702610808237,186.43979386168365,32.7956538343862,muscle_gain,Beginner
20,96.32231274808139,175.91968237601785,31.124188521679166,endurance,Beginner
50,101.00829158174182,190.22245318755444,27.914732420681222,flexibility,Beginner
20,108.38542007153713,181.53702996066,32.888223366871195,endurance,Beginner
62,87.28751004332992,167.2198751278216,31.215932679408162,weight_loss,Beginner
60,95.17356887018362,154.70463848631783,39.765796387041505,endurance,Beginner
59,109.79435963723283,152.42514257182506,47.2570720618605,weight_loss,Beginner
49,63.160838000428086,178.12776045072525,19.906030635545818,muscle_gain,Beginner
35,105.30618709121276,171.38863499309622,35.85005682462433,endurance,Beginner
64,79.67068442793469,161.1434052710173,30.681280015193654,flexibility,Beginner
44,110.98038630190918,181.0392515111096,33.86107497461781,endurance,Beginner
57,110.61561084396725,163.45517809535642,41.40178403958842,muscle_gain,Beginner
47,66.58996417201192,191.62311162780549,18.134809802499298,weight_loss,Beginner
19,70.83449264435089,150.09337656370573,31.44283755779439,endurance,Beginner
47,106.15386393210552,188.53292749764574,29.864921972465396,muscle_gain,Beginner
60,60.515804625074885,159.84741942707046,23.68413638187042,flexibility,Beginner
59,53.83971983430061,186.23195678112387,15.523669150956412,flexibility,Beginner
31,80.43870452407873,166.8907030326514,28.88023875942823,weight_loss,Advanced
61,77.68684867871578,177.7040295503836,24.6010108918697,flexibility,Beginner
63,85.95463021303799,153.46450179181124,36.496684110198935,endurance,Beginner
43,58.71451570372277,153.33813723054772,24.971527961930825,weight_loss,Beginner
48,77.18152064388181,192.84009326045728,20.754805373896904,endurance,Advanced
61,83.27271850598882,165.02265546992737,30.578459337891918,flexibility,Beginner
63,73.09463181967085,166.97010865383294,26.218510981783833,endurance,Beginner
56,114.16666359381982,151.46414706550857,49.76449740477327,flexibility,Beginner
39,68.979972592834,165.42943091373857,25.205624725994557,muscle_gain,Intermediate
22,74.2893111486197,194.3836264170639,19.661061933196752,muscle_gain,Beginner
59,89.13942553246844,191.57688627063487,24.2875445520197,endurance,Beginner
